º½°àÈÕÆÚ,º½°àºÅ,º½Ïß½ð¶î
2023/1/1,KN5737,300
2023/1/1,KN5738,1750
2023/1/1,KN5955,72340
2023/1/1,KN5956,91480
2023/1/1,KN5977,1270
2023/1/1,KN5978,1180
2023/1/2,KN5737,5060
2023/1/2,KN5738,1460
2023/1/2,KN5955,76184
2023/1/2,KN5956,135884
2023/1/2,KN5977,2410
2023/1/2,KN5978,1620
2023/1/3,KN5737,41675
2023/1/3,KN5738,100394
2023/1/3,KN5955,66975
2023/1/3,KN5956,92428
2023/1/3,KN5977,750
2023/1/3,KN5978,1840
2023/1/4,KN5737,53920
2023/1/4,KN5738,83810
2023/1/4,KN5955,76127
2023/1/4,KN5956,98200
2023/1/4,KN5977,64350
2023/1/4,KN5978,1140
2023/1/5,KN5737,55535
2023/1/5,KN5738,97170
2023/1/5,KN5955,58830
2023/1/5,KN5956,85230
2023/1/5,KN5977,0
2023/1/5,KN5978,700
2023/1/6,KN5737,43312.5
2023/1/6,KN5738,84185
2023/1/6,KN5955,67493
2023/1/6,KN5956,100590
2023/1/6,KN5977,2110
2023/1/6,KN5978,5315
2023/1/7,KN5737,56573
2023/1/7,KN5738,98720
2023/1/7,KN5955,58990
2023/1/7,KN5956,70138
2023/1/7,KN5977,700
2023/1/7,KN5978,3100
2023/1/8,KN5737,46220
2023/1/8,KN5738,112399
2023/1/8,KN5955,86420
2023/1/8,KN5956,80764
2023/1/8,KN5977,700
2023/1/8,KN5978,2040
2023/1/9,KN5737,50530
2023/1/9,KN5738,79170
2023/1/9,KN5955,76948
2023/1/9,KN5956,76332
2023/1/9,KN5977,89498
2023/1/9,KN5978,2826
2023/1/10,KN5737,52370
2023/1/10,KN5738,109570
2023/1/10,KN5955,98315
2023/1/10,KN5956,96550
2023/1/10,KN5978,6082
2023/1/11,KN5737,58975
2023/1/11,KN5738,112640
2023/1/11,KN5955,105290
2023/1/11,KN5956,76717.5
2023/1/11,KN5977,1630
2023/1/11,KN5978,2520
2023/1/12,KN5737,57162
2023/1/12,KN5738,108080
2023/1/12,KN5955,87873
2023/1/12,KN5956,95320
2023/1/12,KN5977,53938
2023/1/12,KN5978,29216
2023/1/13,KN5737,60665
2023/1/13,KN5738,93900
2023/1/13,KN5955,91000
2023/1/13,KN5956,103909
2023/1/13,KN5977,65610
2023/1/13,KN5978,79456
2023/1/14,KN5737,1005
2023/1/14,KN5738,2950
2023/1/14,KN5955,74205
2023/1/14,KN5956,92327
2023/1/14,KN5977,57880
2023/1/14,KN5978,106860
2023/1/15,KN5737,53760
2023/1/15,KN5738,119300
2023/1/15,KN5955,70484
2023/1/15,KN5956,94360
2023/1/15,KN5977,48600
2023/1/15,KN5978,70150
2023/1/16,KN5737,55915
2023/1/16,KN5738,96560
2023/1/16,KN5955,60395
2023/1/16,KN5956,88850
2023/1/16,KN5977,47770
2023/1/16,KN5978,90820
2023/1/17,KN5738,2460
2023/1/17,KN5955,73860
2023/1/17,KN5956,97369
2023/1/17,KN5977,5520
2023/1/17,KN5978,81140
2023/1/18,KN5737,60150
2023/1/18,KN5738,125620
2023/1/18,KN5955,70000
2023/1/18,KN5956,100979
2023/1/18,KN5977,65840
2023/1/18,KN5978,136550
2023/1/19,KN5738,5700
2023/1/19,KN5955,67928
2023/1/19,KN5956,90820
2023/1/19,KN5977,60870
2023/1/19,KN5978,98183.2
2023/1/20,KN5737,52987
2023/1/20,KN5738,100530
2023/1/20,KN5955,70008
2023/1/20,KN5956,85126
2023/1/20,KN5977,60728
2023/1/20,KN5978,85148
2023/1/21,KN5737,3100
2023/1/21,KN5738,6150
2023/1/21,KN5955,2775
2023/1/21,KN5956,8470
2023/1/21,KN5977,48352
2023/1/21,KN5978,79252
2023/1/22,KN5737,6625
2023/1/22,KN5738,17400
2023/1/22,KN5955,127248
2023/1/22,KN5956,5020
2023/1/22,KN5977,4130
2023/1/22,KN5978,92690
2023/1/23,KN5737,550
2023/1/23,KN5738,12150
2023/1/23,KN5955,90239
2023/1/23,KN5956,75896
2023/1/23,KN5977,4240
2023/1/23,KN5978,8280
2023/1/24,KN5737,5420
2023/1/24,KN5955,83980
2023/1/24,KN5956,71670
2023/1/24,KN5977,3070
2023/1/24,KN5978,4985
2023/1/25,KN5737,4380
2023/1/25,KN5738,117916
2023/1/25,KN5955,77078
2023/1/25,KN5956,59020
2023/1/25,KN5977,5440
2023/1/25,KN5978,8870
2023/1/26,KN5955,97040
2023/1/26,KN5956,73808
2023/1/26,KN5977,84100
2023/1/26,KN5978,4535
2023/1/27,KN5737,89438
2023/1/27,KN5738,104160
2023/1/27,KN5955,134698
2023/1/27,KN5956,84460
2023/1/27,KN5977,108457
2023/1/27,KN5978,77558
2023/1/28,KN5737,1300
2023/1/28,KN5955,130216
2023/1/28,KN5956,67090
2023/1/28,KN5978,82153
2023/1/29,KN5737,98926
2023/1/29,KN5738,80856
2023/1/29,KN5955,115350
2023/1/29,KN5956,71550
2023/1/29,KN5978,1300
2023/1/30,KN5737,96839
2023/1/30,KN5738,76490
2023/1/30,KN5955,117706
2023/1/30,KN5956,60938
2023/1/30,KN5977,2748
2023/1/30,KN5978,2650
2023/1/31,KN5737,1930
2023/1/31,KN5955,107020
2023/1/31,KN5956,64010
2023/1/31,KN5977,91753
2023/1/31,KN5978,1100
2023/2/1,KN5737,76778
2023/2/1,KN5738,77970
2023/2/1,KN5955,110695
2023/2/1,KN5956,64940
2023/2/1,KN5977,82732.5
2023/2/1,KN5978,95127
2023/2/2,KN5737,83120
2023/2/2,KN5738,84510
2023/2/2,KN5955,104595
2023/2/2,KN5956,78600
2023/2/2,KN5977,76017
2023/2/2,KN5978,78479
2023/2/3,KN5737,75063.5
2023/2/3,KN5738,83540
2023/2/3,KN5955,101050
2023/2/3,KN5956,102760
2023/2/3,KN5977,91533
2023/2/3,KN5978,75030
2023/2/4,KN5737,65643
2023/2/4,KN5738,99490
2023/2/4,KN5955,129285.5
2023/2/4,KN5956,129365
2023/2/4,KN5977,57745
2023/2/4,KN5978,101737
2023/2/5,KN5737,54309
2023/2/5,KN5738,104177
2023/2/5,KN5955,96690
2023/2/5,KN5956,81100
2023/2/5,KN5977,88950
2023/2/5,KN5978,72340
2023/2/6,KN5737,163984
2023/2/6,KN5738,156968
2023/2/6,KN5955,118178.5
2023/2/6,KN5956,98749
2023/2/6,KN5977,101047
2023/2/6,KN5978,175450
2023/2/7,KN5737,100292
2023/2/7,KN5738,130210
2023/2/7,KN5955,114929
2023/2/7,KN5956,112760
2023/2/7,KN5977,88793
2023/2/7,KN5978,111295
2023/2/8,KN5737,2950
2023/2/8,KN5955,129227
2023/2/8,KN5956,136759
2023/2/8,KN5977,108718
2023/2/8,KN5978,121560
2023/2/9,KN5737,100523
2023/2/9,KN5738,166210
2023/2/9,KN5955,158540
2023/2/9,KN5956,129240
2023/2/9,KN5977,89189.5
2023/2/9,KN5978,125750.7
2023/2/10,KN5737,132880.5
2023/2/10,KN5738,211889
2023/2/10,KN5955,197889
2023/2/10,KN5956,197770
2023/2/10,KN5977,164470
2023/2/10,KN5978,96400.58
2023/2/11,KN5737,168821
2023/2/11,KN5738,211410
2023/2/11,KN5955,135214
2023/2/11,KN5956,95891
2023/2/11,KN5977,76141.5
2023/2/11,KN5978,106740
2023/2/12,KN5737,122200.5
2023/2/12,KN5738,203084
2023/2/12,KN5955,162180
2023/2/12,KN5956,120665
2023/2/12,KN5977,139530
2023/2/12,KN5978,87950.91
2023/2/13,KN5737,166252
2023/2/13,KN5738,219744
2023/2/13,KN5955,142276
2023/2/13,KN5956,83430
2023/2/13,KN5977,105416.5
2023/2/13,KN5978,123124
2023/2/14,KN5737,138469
2023/2/14,KN5738,170895
2023/2/14,KN5955,146460
2023/2/14,KN5956,121093
2023/2/14,KN5977,77925
2023/2/14,KN5978,88652.5
2023/2/15,KN5737,182412.5
2023/2/15,KN5738,246629
2023/2/15,KN5955,139004
2023/2/15,KN5956,125665
2023/2/15,KN5977,103616
2023/2/15,KN5978,130640
2023/2/16,KN5737,136139.5
2023/2/16,KN5738,203435
2023/2/16,KN5955,140500
2023/2/16,KN5956,131495
2023/2/16,KN5977,100913
2023/2/16,KN5978,84178
2023/2/17,KN5737,155939.5
2023/2/17,KN5738,190203
2023/2/17,KN5955,205840
2023/2/17,KN5956,165445
2023/2/17,KN5977,154331
2023/2/17,KN5978,90041
2023/2/18,KN5737,159351.5
2023/2/18,KN5738,210021
2023/2/18,KN5955,111411
2023/2/18,KN5956,93596
2023/2/18,KN5977,81525
2023/2/18,KN5978,109520
2023/2/19,KN5737,100577
2023/2/19,KN5738,210029
2023/2/19,KN5955,145240
2023/2/19,KN5956,126745
2023/2/19,KN5977,96205
2023/2/19,KN5978,91390.65
2023/2/20,KN5737,152962
2023/2/20,KN5738,226238
2023/2/20,KN5955,208944
2023/2/20,KN5956,450
2023/2/20,KN5977,69641
2023/2/20,KN5978,120706
2023/2/21,KN5737,101720
2023/2/21,KN5738,178049
2023/2/21,KN5955,125087.5
2023/2/21,KN5956,86630
2023/2/21,KN5977,63367
2023/2/21,KN5978,96873
2023/2/22,KN5737,129410
2023/2/22,KN5738,251625
2023/2/22,KN5955,153402
2023/2/22,KN5956,104678
2023/2/22,KN5977,93948
2023/2/22,KN5978,109098.8
2023/2/23,KN5737,132682.5
2023/2/23,KN5738,175420
2023/2/23,KN5955,175488
2023/2/23,KN5956,132435
2023/2/23,KN5977,105654
2023/2/23,KN5978,91870
2023/2/24,KN5737,117627
2023/2/24,KN5738,209377
2023/2/24,KN5955,196970
2023/2/24,KN5956,191870
2023/2/24,KN5977,148376.5
2023/2/24,KN5978,106615
2023/2/25,KN5737,129196.5
2023/2/25,KN5738,208434
2023/2/25,KN5955,114378
2023/2/25,KN5956,94096
2023/2/25,KN5977,81947
2023/2/25,KN5978,93916.6
2023/2/26,KN5737,69883
2023/2/26,KN5738,204888
2023/2/26,KN5955,146730
2023/2/26,KN5956,109130
2023/2/26,KN5977,91140
2023/2/26,KN5978,66887.46
2023/2/27,KN5737,127477
2023/2/27,KN5738,216679
2023/2/27,KN5955,96220
2023/2/27,KN5956,77223
2023/2/27,KN5977,137103
2023/2/27,KN5978,90305.65
2023/2/28,KN5737,108865
2023/2/28,KN5738,170039
2023/2/28,KN5955,135764
2023/2/28,KN5956,113494
2023/2/28,KN5977,2190
2023/3/1,KN5737,145277
2023/3/1,KN5738,162992
2023/3/1,KN5955,146446
2023/3/1,KN5956,124230
2023/3/1,KN5977,88134
2023/3/1,KN5978,181203.5
2023/3/2,KN5737,163690
2023/3/2,KN5738,174715
2023/3/2,KN5955,218604
2023/3/2,KN5956,176685
2023/3/2,KN5977,2280
2023/3/2,KN5978,90840
2023/3/3,KN5737,122722
2023/3/3,KN5738,188342
2023/3/3,KN5955,276248
2023/3/3,KN5956,229075
2023/3/3,KN5977,115529
2023/3/3,KN5978,66243.58
2023/3/4,KN5737,121678
2023/3/4,KN5738,181568
2023/3/4,KN5955,109278
2023/3/4,KN5956,98961
2023/3/4,KN5977,68960
2023/3/4,KN5978,74132.5
2023/3/5,KN5737,99212
2023/3/5,KN5738,161434
2023/3/5,KN5955,92735
2023/3/5,KN5956,113960
2023/3/5,KN5977,95010
2023/3/5,KN5978,67275.23
2023/3/6,KN5737,130207
2023/3/6,KN5738,191250
2023/3/6,KN5955,182280
2023/3/6,KN5956,167292
2023/3/6,KN5977,93960
2023/3/6,KN5978,101019
2023/3/7,KN5737,90880
2023/3/7,KN5738,176555
2023/3/7,KN5955,139610
2023/3/7,KN5956,126993
2023/3/7,KN5977,75135
2023/3/7,KN5978,80659
2023/3/8,KN5737,104730
2023/3/8,KN5738,194065
2023/3/8,KN5955,232057
2023/3/8,KN5956,178410
2023/3/8,KN5977,83843
2023/3/8,KN5978,123252.95
2023/3/9,KN5737,106205
2023/3/9,KN5738,145920
2023/3/9,KN5955,220930
2023/3/9,KN5956,189726
2023/3/9,KN5977,93695
2023/3/9,KN5978,89451.25
2023/3/10,KN5737,110490
2023/3/10,KN5738,199480
2023/3/10,KN5955,239860
2023/3/10,KN5956,217060
2023/3/10,KN5977,108445
2023/3/10,KN5978,89688.95
2023/3/11,KN5737,131170
2023/3/11,KN5738,155740
2023/3/11,KN5955,188785
2023/3/11,KN5956,125043
2023/3/11,KN5977,64845
2023/3/11,KN5978,89853.51
2023/3/12,KN5737,86773
2023/3/12,KN5738,190035
2023/3/12,KN5955,204790
2023/3/12,KN5956,236390
2023/3/12,KN5977,103460
2023/3/12,KN5978,69836
2023/3/13,KN5737,172290
2023/3/13,KN5738,185635
2023/3/13,KN5955,230805
2023/3/13,KN5956,173109
2023/3/13,KN5977,84605
2023/3/13,KN5978,116926.67
2023/3/14,KN5737,141905
2023/3/14,KN5738,185195
2023/3/14,KN5955,218347
2023/3/14,KN5956,170603
2023/3/14,KN5977,90385
2023/3/14,KN5978,106226
2023/3/15,KN5737,154006
2023/3/15,KN5738,222290
2023/3/15,KN5955,242623
2023/3/15,KN5956,189150
2023/3/15,KN5977,89990
2023/3/15,KN5978,127353.4
2023/3/16,KN5737,150652
2023/3/16,KN5738,222020
2023/3/16,KN5955,235083
2023/3/16,KN5956,215075
2023/3/16,KN5977,97040
2023/3/16,KN5978,97042.5
2023/3/17,KN5737,158200
2023/3/17,KN5738,219269
2023/3/17,KN5955,334313
2023/3/17,KN5956,290160
2023/3/17,KN5977,139300
2023/3/17,KN5978,111603.5
2023/3/18,KN5737,154948
2023/3/18,KN5738,187389
2023/3/18,KN5955,190815
2023/3/18,KN5956,170803
2023/3/18,KN5977,80155
2023/3/18,KN5978,106868.4
2023/3/19,KN5737,14665
2023/3/19,KN5738,217019
2023/3/19,KN5955,235566
2023/3/19,KN5956,231345
2023/3/19,KN5977,162621
2023/3/19,KN5978,93570
2023/3/20,KN5737,165624
2023/3/20,KN5738,220433
2023/3/20,KN5955,207511
2023/3/20,KN5956,168426
2023/3/20,KN5977,63262
2023/3/20,KN5978,183440.76
2023/3/21,KN5737,123855
2023/3/21,KN5738,186379
2023/3/21,KN5955,196788
2023/3/21,KN5956,174078
2023/3/21,KN5977,87556
2023/3/21,KN5978,88912.5
2023/3/22,KN5737,143954
2023/3/22,KN5738,207049
2023/3/22,KN5955,241209
2023/3/22,KN5956,165871
2023/3/22,KN5977,63628
2023/3/22,KN5978,94080
2023/3/23,KN5737,153889
2023/3/23,KN5738,221038
2023/3/23,KN5955,228021
2023/3/23,KN5956,203317
2023/3/23,KN5977,93465
2023/3/23,KN5978,87337
2023/3/24,KN5737,162835
2023/3/24,KN5738,203304
2023/3/24,KN5955,361360
2023/3/24,KN5956,243575
2023/3/24,KN5977,150400
2023/3/24,KN5978,95425.19
2023/3/25,KN5737,169512
2023/3/25,KN5738,205759
2023/3/25,KN5955,183266
2023/3/25,KN5956,121435
2023/3/25,KN5977,77106
2023/3/25,KN5978,99197.97
2023/3/26,KN5737,85999
2023/3/26,KN5738,154205
2023/3/26,KN5955,163420
2023/3/26,KN5956,147490
2023/3/26,KN5977,115105
2023/3/26,KN5978,81998
2023/3/27,KN5737,175219
2023/3/27,KN5738,203743
2023/3/27,KN5955,204876
2023/3/27,KN5956,180566
2023/3/27,KN5977,87617
2023/3/27,KN5978,108801.51
2023/3/28,KN5737,180881
2023/3/28,KN5738,201227
2023/3/28,KN5955,190266
2023/3/28,KN5956,178676
2023/3/28,KN5977,98713
2023/3/28,KN5978,83298
2023/3/29,KN5737,181083
2023/3/29,KN5738,227928
2023/3/29,KN5955,217357
2023/3/29,KN5956,176934
2023/3/29,KN5977,102039
2023/3/29,KN5978,110641.05
2023/3/30,KN5737,105042
2023/3/30,KN5738,144375
2023/3/30,KN5955,212326
2023/3/30,KN5956,193362
2023/3/30,KN5977,92715
2023/3/30,KN5978,101071
2023/3/31,KN5737,153646
2023/3/31,KN5738,231865
2023/3/31,KN5955,171910
2023/3/31,KN5956,179910
2023/3/31,KN5977,164970
2023/3/31,KN5978,101046.57
2023/4/1,KN5737,182800
2023/4/1,KN5738,240723
2023/4/1,KN5955,101787
2023/4/1,KN5956,98877.5
2023/4/1,KN5977,66550
2023/4/1,KN5978,106040
2023/4/2,KN5737,92898
2023/4/2,KN5738,229112
2023/4/2,KN5955,143830
2023/4/2,KN5956,164540
2023/4/2,KN5977,88015
2023/4/2,KN5978,86604.84
2023/4/3,KN5737,157362
2023/4/3,KN5738,187491
2023/4/3,KN5955,120562
2023/4/3,KN5956,120540
2023/4/3,KN5977,82123
2023/4/3,KN5978,94659.92
2023/4/4,KN5737,115586
2023/4/4,KN5738,160951
2023/4/4,KN5955,129832
2023/4/4,KN5956,108552
2023/4/4,KN5977,123769
2023/4/4,KN5978,71094.5
2023/4/5,KN5737,168212
2023/4/5,KN5738,218893
2023/4/5,KN5955,193541
2023/4/5,KN5956,162297
2023/4/5,KN5977,88230
2023/4/5,KN5978,103409.52
2023/4/6,KN5737,176918
2023/4/6,KN5738,252277
2023/4/6,KN5955,191866
2023/4/6,KN5956,169703
2023/4/6,KN5977,105621
2023/4/6,KN5978,118855
2023/4/7,KN5737,149971
2023/4/7,KN5738,197513
2023/4/7,KN5955,270396
2023/4/7,KN5956,247070
2023/4/7,KN5977,154558
2023/4/7,KN5978,83743
2023/4/8,KN5737,183186
2023/4/8,KN5738,215267
2023/4/8,KN5955,214138
2023/4/8,KN5956,165219
2023/4/8,KN5977,104664
2023/4/8,KN5978,109934.7
2023/4/9,KN5737,162836
2023/4/9,KN5738,249206
2023/4/9,KN5955,300350
2023/4/9,KN5956,255815
2023/4/9,KN5977,143850
2023/4/9,KN5978,120178
2023/4/10,KN5737,176202
2023/4/10,KN5738,265617
2023/4/10,KN5955,195230
2023/4/10,KN5956,189574
2023/4/10,KN5977,77942
2023/4/10,KN5978,130068.9
2023/4/11,KN5737,182820
2023/4/11,KN5738,256826
2023/4/11,KN5955,199072
2023/4/11,KN5956,173474
2023/4/11,KN5977,111037
2023/4/11,KN5978,1630
2023/4/12,KN5737,197870
2023/4/12,KN5738,227480
2023/4/12,KN5955,233885
2023/4/12,KN5956,187233
2023/4/12,KN5977,106808
2023/4/12,KN5978,131872
2023/4/13,KN5737,186421
2023/4/13,KN5738,239975
2023/4/13,KN5955,92103
2023/4/13,KN5956,72920
2023/4/13,KN5977,131367
2023/4/13,KN5978,107192.92
2023/4/14,KN5737,204506
2023/4/14,KN5738,245053
2023/4/14,KN5955,190283
2023/4/14,KN5956,173409
2023/4/14,KN5977,208855
2023/4/14,KN5978,128089.5
2023/4/15,KN5737,201572
2023/4/15,KN5738,235156
2023/4/15,KN5955,140588
2023/4/15,KN5956,113295.5
2023/4/15,KN5977,119711
2023/4/15,KN5978,113536.92
2023/4/16,KN5737,172683
2023/4/16,KN5738,240644
2023/4/16,KN5955,65430
2023/4/16,KN5956,268417
2023/4/16,KN5977,0
2023/4/16,KN5978,104705.5
2023/4/17,KN5737,202150
2023/4/17,KN5738,235882
2023/4/17,KN5955,225452
2023/4/17,KN5956,146972
2023/4/17,KN5977,104732
2023/4/17,KN5978,115217
2023/4/18,KN5737,163716
2023/4/18,KN5738,231680
2023/4/18,KN5955,202209
2023/4/18,KN5956,163627
2023/4/18,KN5977,90806.5
2023/4/18,KN5978,113787
2023/4/19,KN5737,183648
2023/4/19,KN5738,289888
2023/4/19,KN5955,227192
2023/4/19,KN5956,202595
2023/4/19,KN5977,83804
2023/4/19,KN5978,123491.65
2023/4/20,KN5737,179679
2023/4/20,KN5738,261286
2023/4/20,KN5955,220571
2023/4/20,KN5956,213722
2023/4/20,KN5977,90776
2023/4/20,KN5978,90080
2023/4/21,KN5737,152825
2023/4/21,KN5738,252523
2023/4/21,KN5955,279173
2023/4/21,KN5956,267859
2023/4/21,KN5977,135490
2023/4/21,KN5978,102326
2023/4/22,KN5737,157914
2023/4/22,KN5738,204645
2023/4/22,KN5955,177872
2023/4/22,KN5956,176759
2023/4/22,KN5977,79092
2023/4/22,KN5978,74389
2023/4/23,KN5737,154263
2023/4/23,KN5738,240849
2023/4/23,KN5955,194131
2023/4/23,KN5956,157794
2023/4/23,KN5977,85088
2023/4/23,KN5978,95266
2023/4/24,KN5737,152403
2023/4/24,KN5738,239797
2023/4/24,KN5955,200633
2023/4/24,KN5956,160799
2023/4/24,KN5977,83280
2023/4/24,KN5978,101858
2023/4/25,KN5737,143856
2023/4/25,KN5738,217623
2023/4/25,KN5955,212746
2023/4/25,KN5956,178970
2023/4/25,KN5977,98339
2023/4/25,KN5978,79355
2023/4/26,KN5737,169512
2023/4/26,KN5738,224336
2023/4/26,KN5955,254855
2023/4/26,KN5956,237798
2023/4/26,KN5977,125136
2023/4/26,KN5978,108490
2023/4/27,KN5737,192860
2023/4/27,KN5738,289939
2023/4/27,KN5955,307484
2023/4/27,KN5956,301859
2023/4/27,KN5977,152011
2023/4/27,KN5978,131769.5
2023/4/28,KN5737,254052
2023/4/28,KN5738,400629
2023/4/28,KN5955,432970
2023/4/28,KN5956,486056
2023/4/28,KN5977,234618
2023/4/28,KN5978,214860
2023/4/29,KN5737,452848
2023/4/29,KN5738,451350
2023/4/29,KN5955,325034
2023/4/29,KN5956,274195
2023/4/29,KN5977,171308
2023/4/29,KN5978,218628
2023/4/30,KN5737,218775
2023/4/30,KN5738,249133
2023/4/30,KN5955,219181
2023/4/30,KN5956,209748
2023/4/30,KN5977,122181
2023/4/30,KN5978,154687.8
2023/5/1,KN5737,185031
2023/5/1,KN5738,191905
2023/5/1,KN5955,161984
2023/5/1,KN5956,205538
2023/5/1,KN5977,99517
2023/5/1,KN5978,119681.5
2023/5/2,KN5737,142149
2023/5/2,KN5738,267249
2023/5/2,KN5955,239443
2023/5/2,KN5956,328379
2023/5/2,KN5977,155190
2023/5/2,KN5978,121519
2023/5/3,KN5737,203655
2023/5/3,KN5738,376770
2023/5/3,KN5955,302323
2023/5/3,KN5956,418719
2023/5/3,KN5977,145875
2023/5/3,KN5978,245878.45
2023/5/4,KN5737,173262
2023/5/4,KN5738,281050
2023/5/4,KN5955,166720
2023/5/4,KN5956,227204
2023/5/4,KN5977,99954
2023/5/4,KN5978,153673
2023/5/5,KN5737,119922
2023/5/5,KN5738,215687
2023/5/5,KN5955,128823
2023/5/5,KN5956,123078
2023/5/5,KN5977,83441
2023/5/5,KN5978,92892
2023/5/6,KN5737,108328
2023/5/6,KN5738,188092
2023/5/6,KN5955,176930
2023/5/6,KN5956,121114
2023/5/6,KN5977,94327
2023/5/6,KN5978,79873.56
2023/5/7,KN5737,149974
2023/5/7,KN5738,167779
2023/5/7,KN5955,222487
2023/5/7,KN5956,155494
2023/5/7,KN5977,99729
2023/5/7,KN5978,89164.96
2023/5/8,KN5737,162455
2023/5/8,KN5738,231088
2023/5/8,KN5955,180814
2023/5/8,KN5956,149969
2023/5/8,KN5977,89035
2023/5/8,KN5978,96291.34
2023/5/9,KN5737,150600
2023/5/9,KN5738,194948
2023/5/9,KN5955,162474
2023/5/9,KN5956,160701
2023/5/9,KN5977,95945
2023/5/9,KN5978,104443
2023/5/10,KN5737,155525
2023/5/10,KN5738,242846
2023/5/10,KN5955,226339
2023/5/10,KN5956,198554
2023/5/10,KN5977,100441
2023/5/10,KN5978,118499
2023/5/11,KN5737,164915
2023/5/11,KN5738,252544
2023/5/11,KN5955,207953
2023/5/11,KN5956,197088
2023/5/11,KN5977,120288
2023/5/11,KN5978,117867.92
2023/5/12,KN5737,177025
2023/5/12,KN5738,229152
2023/5/12,KN5955,335255
2023/5/12,KN5956,253510
2023/5/12,KN5977,159680
2023/5/12,KN5978,103600.69
2023/5/13,KN5737,163198
2023/5/13,KN5738,216009
2023/5/13,KN5955,226497
2023/5/13,KN5956,178762
2023/5/13,KN5977,104081
2023/5/13,KN5978,68632.21
2023/5/14,KN5737,151950
2023/5/14,KN5738,207344
2023/5/14,KN5955,263474
2023/5/14,KN5956,234720
2023/5/14,KN5977,90352
2023/5/14,KN5978,104262
2023/5/15,KN5737,168448
2023/5/15,KN5738,234303
2023/5/15,KN5955,204835
2023/5/15,KN5956,177308
2023/5/15,KN5977,103735
2023/5/15,KN5978,124565
2023/5/16,KN5737,157255
2023/5/16,KN5738,210889
2023/5/16,KN5955,204731
2023/5/16,KN5956,210473
2023/5/16,KN5977,109688
2023/5/16,KN5978,106999
2023/5/17,KN5737,167482
2023/5/17,KN5738,240113
2023/5/17,KN5955,227155
2023/5/17,KN5956,169824
2023/5/17,KN5977,115388
2023/5/17,KN5978,107186
2023/5/18,KN5737,169587
2023/5/18,KN5738,226494
2023/5/18,KN5955,238925
2023/5/18,KN5956,204302.4
2023/5/18,KN5977,114754
2023/5/18,KN5978,123159.26
2023/5/19,KN5737,147663
2023/5/19,KN5738,214348
2023/5/19,KN5955,306404
2023/5/19,KN5956,314585
2023/5/19,KN5977,160113
2023/5/19,KN5978,109039
2023/5/20,KN5737,158430
2023/5/20,KN5738,229274
2023/5/20,KN5955,181445
2023/5/20,KN5956,147398
2023/5/20,KN5977,83905
2023/5/20,KN5978,111270.69
2023/5/21,KN5737,132029
2023/5/21,KN5738,212945
2023/5/21,KN5955,238627
2023/5/21,KN5956,200068
2023/5/21,KN5977,107435
2023/5/21,KN5978,0
2023/5/22,KN5737,164830
2023/5/22,KN5738,188086
2023/5/22,KN5955,203048
2023/5/22,KN5956,186841
2023/5/22,KN5977,100735
2023/5/22,KN5978,114442.92
2023/5/23,KN5737,137490
2023/5/23,KN5738,204836
2023/5/23,KN5955,207001
2023/5/23,KN5956,155136
2023/5/23,KN5977,82799.56
2023/5/23,KN5978,82466
2023/5/24,KN5737,128209
2023/5/24,KN5738,205333
2023/5/24,KN5955,189140
2023/5/24,KN5956,161902
2023/5/24,KN5977,78116
2023/5/24,KN5978,111290
2023/5/25,KN5737,133236
2023/5/25,KN5738,214089
2023/5/25,KN5955,202618
2023/5/25,KN5956,178069
2023/5/25,KN5977,87863
2023/5/25,KN5978,119015.38
2023/5/26,KN5737,107977
2023/5/26,KN5738,207950
2023/5/26,KN5955,255490
2023/5/26,KN5956,272507
2023/5/26,KN5977,107173
2023/5/26,KN5978,121413.3
2023/5/27,KN5737,131311
2023/5/27,KN5738,223515
2023/5/27,KN5955,167754
2023/5/27,KN5956,135520
2023/5/27,KN5977,70407
2023/5/27,KN5978,88187
2023/5/28,KN5737,104728
2023/5/28,KN5738,189494
2023/5/28,KN5955,242138
2023/5/28,KN5956,208207
2023/5/28,KN5977,72719
2023/5/28,KN5978,85787.57
2023/5/29,KN5737,175871
2023/5/29,KN5738,184116
2023/5/29,KN5955,99835
2023/5/29,KN5956,80131
2023/5/29,KN5977,72030
2023/5/29,KN5978,81102.5
2023/5/30,KN5737,114259
2023/5/30,KN5738,184558
2023/5/30,KN5955,210782
2023/5/30,KN5956,171060
2023/5/30,KN5977,93752
2023/5/30,KN5978,99772.6
2023/5/31,KN5737,72119
2023/5/31,KN5738,133878
2023/5/31,KN5955,201810
2023/5/31,KN5956,193179.25
2023/5/31,KN5977,59032
2023/5/31,KN5978,151780
2023/6/1,KN5737,122813
2023/6/1,KN5738,223838
2023/6/1,KN5955,179031
2023/6/1,KN5956,210910
2023/6/1,KN5977,84490
2023/6/1,KN5978,86733.89
2023/6/2,KN5737,109793.67
2023/6/2,KN5738,175176
2023/6/2,KN5955,255603
2023/6/2,KN5956,231759
2023/6/2,KN5977,121534
2023/6/2,KN5978,74419
2023/6/3,KN5737,112788
2023/6/3,KN5738,158926
2023/6/3,KN5955,137232
2023/6/3,KN5956,121034
2023/6/3,KN5977,80960
2023/6/3,KN5978,66109.96
2023/6/4,KN5737,78107
2023/6/4,KN5738,125730
2023/6/4,KN5955,265127
2023/6/4,KN5956,171619
2023/6/4,KN5977,100504
2023/6/4,KN5978,90440.9
2023/6/5,KN5737,165759
2023/6/5,KN5738,202674
2023/6/5,KN5955,201533
2023/6/5,KN5956,159889
2023/6/5,KN5977,73976
2023/6/5,KN5978,75972
2023/6/6,KN5737,152719
2023/6/6,KN5738,194098
2023/6/6,KN5955,205102
2023/6/6,KN5956,182615
2023/6/6,KN5977,135308
2023/6/6,KN5978,90390
2023/6/7,KN5737,102356
2023/6/7,KN5738,134846
2023/6/7,KN5955,225035
2023/6/7,KN5956,180768
2023/6/7,KN5977,68925
2023/6/7,KN5978,159694.9
2023/6/8,KN5737,137332
2023/6/8,KN5738,211453
2023/6/8,KN5955,191939
2023/6/8,KN5956,173256
2023/6/8,KN5977,99288
2023/6/8,KN5978,82159.75
2023/6/9,KN5737,154259
2023/6/9,KN5738,209297
2023/6/9,KN5955,220843
2023/6/9,KN5956,228324
2023/6/9,KN5977,137921
2023/6/9,KN5978,108325.5
2023/6/10,KN5737,136096
2023/6/10,KN5738,181393
2023/6/10,KN5955,158086
2023/6/10,KN5956,162068
2023/6/10,KN5977,149044
2023/6/10,KN5978,108214
2023/6/11,KN5737,81831
2023/6/11,KN5738,138933
2023/6/11,KN5955,210295
2023/6/11,KN5956,189253
2023/6/11,KN5977,76178
2023/6/11,KN5978,152602.69
2023/6/12,KN5737,193707
2023/6/12,KN5738,263177
2023/6/12,KN5955,223652
2023/6/12,KN5956,175395
2023/6/12,KN5977,100219
2023/6/12,KN5978,83560.69
2023/6/13,KN5737,161816
2023/6/13,KN5738,247826
2023/6/13,KN5955,206623
2023/6/13,KN5956,171726
2023/6/13,KN5977,105688
2023/6/13,KN5978,107180
2023/6/14,KN5737,183717
2023/6/14,KN5738,274936
2023/6/14,KN5955,149405
2023/6/14,KN5977,95399
2023/6/14,KN5978,96216
2023/6/15,KN5737,166480
2023/6/15,KN5738,257122
2023/6/15,KN5955,230297
2023/6/15,KN5956,206142
2023/6/15,KN5977,98804
2023/6/15,KN5978,129278.7
2023/6/16,KN5737,178971
2023/6/16,KN5738,253736
2023/6/16,KN5955,336880
2023/6/16,KN5956,290548
2023/6/16,KN5977,149531
2023/6/16,KN5978,96045
2023/6/17,KN5737,166016
2023/6/17,KN5738,277440
2023/6/17,KN5955,210672
2023/6/17,KN5956,69700
2023/6/17,KN5977,97932
2023/6/17,KN5978,122321.02
2023/6/18,KN5737,77968
2023/6/18,KN5738,134190
2023/6/18,KN5955,247881
2023/6/18,KN5956,186285
2023/6/18,KN5977,94061
2023/6/18,KN5978,110354
2023/6/19,KN5737,90096
2023/6/19,KN5738,232772
2023/6/19,KN5955,229111
2023/6/19,KN5956,180813.6
2023/6/19,KN5977,110650
2023/6/19,KN5978,121603.5
2023/6/20,KN5737,171938
2023/6/20,KN5738,259976
2023/6/20,KN5955,209534
2023/6/20,KN5956,16170
2023/6/20,KN5977,126870
2023/6/20,KN5978,114212.69
2023/6/21,KN5737,116055
2023/6/21,KN5738,168352
2023/6/21,KN5955,331138
2023/6/21,KN5956,424426
2023/6/21,KN5977,177190
2023/6/21,KN5978,176524.4
2023/6/22,KN5737,23835
2023/6/22,KN5738,364370
2023/6/22,KN5955,192783
2023/6/22,KN5956,196930
2023/6/22,KN5977,105060
2023/6/22,KN5978,188167
2023/6/23,KN5737,135342
2023/6/23,KN5738,182096
2023/6/23,KN5955,161620
2023/6/23,KN5956,151080
2023/6/23,KN5977,91575
2023/6/23,KN5978,102700.67
2023/6/24,KN5737,135819
2023/6/24,KN5738,282089
2023/6/24,KN5955,233055
2023/6/24,KN5956,245351.7
2023/6/24,KN5977,134745
2023/6/24,KN5978,132004.5
2023/6/25,KN5738,181998
2023/6/25,KN5955,295693
2023/6/25,KN5956,239480
2023/6/25,KN5977,148564
2023/6/25,KN5978,138740
2023/6/26,KN5737,218429
2023/6/26,KN5738,283400
2023/6/26,KN5955,266004
2023/6/26,KN5956,186799
2023/6/26,KN5977,137744
2023/6/26,KN5978,123724
2023/6/27,KN5737,206918
2023/6/27,KN5738,281747
2023/6/27,KN5955,278976
2023/6/27,KN5956,213628
2023/6/27,KN5977,130816
2023/6/27,KN5978,131470
2023/6/28,KN5737,205006
2023/6/28,KN5738,297319
2023/6/28,KN5955,300273
2023/6/28,KN5956,248389
2023/6/28,KN5977,158255
2023/6/28,KN5978,131509.33
2023/6/29,KN5737,228656
2023/6/29,KN5738,312387
2023/6/29,KN5955,310638
2023/6/29,KN5956,296497
2023/6/29,KN5977,159806
2023/6/29,KN5978,147826.34
2023/6/30,KN5737,150383
2023/6/30,KN5738,287659
2023/6/30,KN5955,282877
2023/6/30,KN5956,441907
2023/6/30,KN5977,162319
2023/6/30,KN5978,189779
2023/7/1,KN5737,213238
2023/7/1,KN5738,409082
2023/7/1,KN5955,167455
2023/7/1,KN5956,192757
2023/7/1,KN5957,141704
2023/7/1,KN5958,174929
2023/7/1,KN5977,119027
2023/7/1,KN5978,182150
2023/7/2,KN5737,164474
2023/7/2,KN5738,340467
2023/7/2,KN5955,187165
2023/7/2,KN5956,168110
2023/7/2,KN5957,166405
2023/7/2,KN5958,199620
2023/7/2,KN5977,123850
2023/7/2,KN5978,157070
2023/7/3,KN5737,233204
2023/7/3,KN5738,342000
2023/7/3,KN5955,171013
2023/7/3,KN5956,185098
2023/7/3,KN5957,155898
2023/7/3,KN5958,182389
2023/7/3,KN5977,132192
2023/7/3,KN5978,174426.9
2023/7/4,KN5737,199691
2023/7/4,KN5738,330225
2023/7/4,KN5955,170450
2023/7/4,KN5956,167828
2023/7/4,KN5957,152279
2023/7/4,KN5958,164268
2023/7/4,KN5977,116705
2023/7/4,KN5978,119072.9
2023/7/5,KN5737,151107
2023/7/5,KN5738,194097
2023/7/5,KN5955,216727
2023/7/5,KN5956,178308
2023/7/5,KN5957,171680
2023/7/5,KN5958,161873
2023/7/5,KN5977,143798
2023/7/5,KN5978,152120
2023/7/6,KN5737,233291
2023/7/6,KN5738,317669
2023/7/6,KN5955,191908
2023/7/6,KN5956,186089
2023/7/6,KN5957,157747
2023/7/6,KN5958,171998
2023/7/6,KN5977,5469
2023/7/6,KN5978,154982.51
2023/7/7,KN5737,226388
2023/7/7,KN5738,308345
2023/7/7,KN5955,203433
2023/7/7,KN5956,173398.75
2023/7/7,KN5957,193630
2023/7/7,KN5958,189481
2023/7/7,KN5977,201170
2023/7/7,KN5978,235179.2
2023/7/8,KN5737,229474
2023/7/8,KN5738,321650
2023/7/8,KN5955,152265
2023/7/8,KN5956,137647
2023/7/8,KN5957,151429
2023/7/8,KN5958,143107
2023/7/8,KN5977,201266
2023/7/8,KN5978,158117
2023/7/9,KN5737,232398
2023/7/9,KN5738,308266
2023/7/9,KN5955,211480
2023/7/9,KN5956,157259
2023/7/9,KN5957,183310
2023/7/9,KN5958,149650
2023/7/9,KN5977,148248
2023/7/10,KN5737,228637
2023/7/10,KN5738,245940
2023/7/10,KN5955,165898
2023/7/10,KN5956,101136
2023/7/10,KN5957,142838
2023/7/10,KN5958,88738
2023/7/10,KN5978,139917.2
2023/7/11,KN5737,126301
2023/7/11,KN5738,150779
2023/7/11,KN5955,175136
2023/7/11,KN5956,121657
2023/7/11,KN5957,119850
2023/7/11,KN5958,117258
2023/7/11,KN5977,150430
2023/7/11,KN5978,157330
2023/7/12,KN5737,209407
2023/7/12,KN5738,277206
2023/7/12,KN5955,164018
2023/7/12,KN5956,132850
2023/7/12,KN5957,143528
2023/7/12,KN5958,129279
2023/7/12,KN5977,112276
2023/7/12,KN5978,119932
2023/7/13,KN5737,211822
2023/7/13,KN5738,255347
2023/7/13,KN5955,173126
2023/7/13,KN5956,143364
2023/7/13,KN5957,150609
2023/7/13,KN5958,141060
2023/7/13,KN5977,126869
2023/7/13,KN5978,110610.2
2023/7/14,KN5737,198196
2023/7/14,KN5738,260496
2023/7/14,KN5955,213870
2023/7/14,KN5956,196519
2023/7/14,KN5957,175740
2023/7/14,KN5958,201500
2023/7/14,KN5977,162320
2023/7/14,KN5978,127917
2023/7/15,KN5737,201339
2023/7/15,KN5738,249760
2023/7/15,KN5955,123619.5
2023/7/15,KN5956,90307
2023/7/15,KN5957,134686
2023/7/15,KN5958,114515
2023/7/15,KN5977,99056
2023/7/15,KN5978,117841
2023/7/16,KN5737,177944
2023/7/16,KN5738,242670
2023/7/16,KN5955,156443
2023/7/16,KN5956,165069
2023/7/16,KN5957,156884
2023/7/16,KN5958,144540
2023/7/16,KN5977,111443
2023/7/16,KN5978,79231.3
2023/7/17,KN5737,201309
2023/7/17,KN5738,266410
2023/7/17,KN5955,151849
2023/7/17,KN5956,119687
2023/7/17,KN5957,132494
2023/7/17,KN5958,103678
2023/7/17,KN5977,88604
2023/7/17,KN5978,123075.5
2023/7/18,KN5737,178221
2023/7/18,KN5738,234625
2023/7/18,KN5955,146993
2023/7/18,KN5956,119039
2023/7/18,KN5957,127150
2023/7/18,KN5958,126727
2023/7/18,KN5977,103813
2023/7/18,KN5978,110399
2023/7/19,KN5737,215276
2023/7/19,KN5738,233902
2023/7/19,KN5955,164911
2023/7/19,KN5956,114305
2023/7/19,KN5957,125936
2023/7/19,KN5958,114615
2023/7/19,KN5977,116834
2023/7/19,KN5978,129104
2023/7/20,KN5737,207118
2023/7/20,KN5738,227208
2023/7/20,KN5955,162276
2023/7/20,KN5956,133761
2023/7/20,KN5957,142517
2023/7/20,KN5958,110221
2023/7/20,KN5977,112714
2023/7/20,KN5978,130913
2023/7/21,KN5737,199372
2023/7/21,KN5738,248063
2023/7/21,KN5955,239754
2023/7/21,KN5956,189350
2023/7/21,KN5957,209059
2023/7/21,KN5958,116212
2023/7/21,KN5977,195415
2023/7/21,KN5978,118867.1
2023/7/22,KN5737,209034
2023/7/22,KN5738,237910
2023/7/22,KN5955,96312
2023/7/22,KN5956,94996.9
2023/7/22,KN5957,125245
2023/7/22,KN5958,115567
2023/7/22,KN5977,83700
2023/7/22,KN5978,108042
2023/7/23,KN5737,171613
2023/7/23,KN5738,242646
2023/7/23,KN5955,168485
2023/7/23,KN5956,158499
2023/7/23,KN5957,135140
2023/7/23,KN5958,146140
2023/7/23,KN5977,117477
2023/7/23,KN5978,105508
2023/7/24,KN5737,203074
2023/7/24,KN5738,241034
2023/7/24,KN5955,160560
2023/7/24,KN5956,117537
2023/7/24,KN5957,126914
2023/7/24,KN5958,133544
2023/7/24,KN5977,128492
2023/7/24,KN5978,102219.98
2023/7/25,KN5737,197434
2023/7/25,KN5738,230924
2023/7/25,KN5955,155630
2023/7/25,KN5956,124743
2023/7/25,KN5957,133893
2023/7/25,KN5958,115425
2023/7/25,KN5977,108243
2023/7/25,KN5978,106930.75
2023/7/26,KN5737,209417
2023/7/26,KN5738,242835
2023/7/26,KN5955,166225
2023/7/26,KN5956,141195.5
2023/7/26,KN5957,126605
2023/7/26,KN5958,136938
2023/7/26,KN5977,113973
2023/7/26,KN5978,112352.4
2023/7/27,KN5737,210675
2023/7/27,KN5738,242247
2023/7/27,KN5955,241946
2023/7/27,KN5956,208030
2023/7/27,KN5957,112347
2023/7/27,KN5958,126168
2023/7/27,KN5977,110462
2023/7/27,KN5978,105637
2023/7/28,KN5737,189303
2023/7/28,KN5738,263475
2023/7/28,KN5955,278962
2023/7/28,KN5956,264693
2023/7/28,KN5957,146670
2023/7/28,KN5958,166980
2023/7/28,KN5977,155535
2023/7/28,KN5978,119152.75
2023/7/29,KN5737,200823
2023/7/29,KN5738,251751
2023/7/29,KN5955,237543
2023/7/29,KN5956,169744
2023/7/29,KN5957,123832
2023/7/29,KN5958,123547
2023/7/29,KN5977,99834
2023/7/29,KN5978,116702.85
2023/7/30,KN5737,147468.67
2023/7/30,KN5738,222015
2023/7/30,KN5955,281713
2023/7/30,KN5956,221867
2023/7/30,KN5957,144510
2023/7/30,KN5958,160780
2023/7/30,KN5977,140504
2023/7/30,KN5978,101368.73
2023/7/31,KN5737,183691
2023/7/31,KN5738,216485
2023/7/31,KN5955,145869
2023/7/31,KN5956,136200
2023/7/31,KN5957,109973
2023/7/31,KN5958,38930
2023/7/31,KN5977,61407
2023/7/31,KN5978,121795.5
2023/8/1,KN5737,214590
2023/8/1,KN5738,257928
2023/8/1,KN5955,190952
2023/8/1,KN5956,179250
2023/8/1,KN5957,135364
2023/8/1,KN5958,104875
2023/8/1,KN5977,113606.5
2023/8/1,KN5978,66180
2023/8/2,KN5737,147054
2023/8/2,KN5738,223039
2023/8/2,KN5955,215879
2023/8/2,KN5956,147199
2023/8/2,KN5957,99538
2023/8/2,KN5958,107287
2023/8/2,KN5977,93493
2023/8/2,KN5978,101677.55
2023/8/3,KN5737,178082.5
2023/8/3,KN5738,226787
2023/8/3,KN5955,224173
2023/8/3,KN5956,200414
2023/8/3,KN5957,111899
2023/8/3,KN5958,119578
2023/8/3,KN5977,104018
2023/8/3,KN5978,93290.55
2023/8/4,KN5737,185147.75
2023/8/4,KN5738,210507
2023/8/4,KN5955,244850
2023/8/4,KN5956,234532
2023/8/4,KN5957,116917
2023/8/4,KN5958,196149
2023/8/4,KN5977,158835.5
2023/8/4,KN5978,107995
2023/8/5,KN5737,187531
2023/8/5,KN5738,243717
2023/8/5,KN5955,221105
2023/8/5,KN5956,174378
2023/8/5,KN5957,125438
2023/8/5,KN5958,122327
2023/8/5,KN5977,102788
2023/8/5,KN5978,123556
2023/8/6,KN5737,158076
2023/8/6,KN5738,262027.67
2023/8/6,KN5955,280131
2023/8/6,KN5956,279093
2023/8/6,KN5957,150842
2023/8/6,KN5958,147223
2023/8/6,KN5977,140607
2023/8/6,KN5978,121925
2023/8/7,KN5737,239645
2023/8/7,KN5738,248306
2023/8/7,KN5955,255332
2023/8/7,KN5956,224090
2023/8/7,KN5957,150977
2023/8/7,KN5958,154929
2023/8/7,KN5977,112279
2023/8/7,KN5978,137336.8
2023/8/8,KN5737,207005
2023/8/8,KN5738,251639
2023/8/8,KN5955,242775
2023/8/8,KN5956,236334
2023/8/8,KN5957,144836
2023/8/8,KN5958,110145
2023/8/8,KN5977,124416
2023/8/8,KN5978,110877.38
2023/8/9,KN5737,198718.75
2023/8/9,KN5738,251939
2023/8/9,KN5955,267397
2023/8/9,KN5956,181379
2023/8/9,KN5957,112458
2023/8/9,KN5958,111026
2023/8/9,KN5977,107993
2023/8/9,KN5978,114026.75
2023/8/10,KN5737,193153
2023/8/10,KN5738,276780
2023/8/10,KN5955,256714
2023/8/10,KN5956,224705
2023/8/10,KN5957,150545
2023/8/10,KN5958,135065
2023/8/10,KN5977,132189.5
2023/8/10,KN5978,124329.34
2023/8/11,KN5737,196176
2023/8/11,KN5738,224489
2023/8/11,KN5955,281253
2023/8/11,KN5956,7840
2023/8/11,KN5957,150198
2023/8/11,KN5958,197333
2023/8/11,KN5977,175320
2023/8/11,KN5978,129918
2023/8/12,KN5737,190317
2023/8/12,KN5738,251290
2023/8/12,KN5955,156193
2023/8/12,KN5956,137888
2023/8/12,KN5957,140067
2023/8/12,KN5958,133267
2023/8/12,KN5977,99539
2023/8/12,KN5978,141564.09
2023/8/13,KN5737,170692.25
2023/8/13,KN5738,252526.76
2023/8/13,KN5955,137380
2023/8/13,KN5956,164791.7
2023/8/13,KN5957,149860
2023/8/13,KN5958,183740
2023/8/13,KN5977,127750
2023/8/13,KN5978,135581.25
2023/8/14,KN5738,280085
2023/8/14,KN5955,249635
2023/8/14,KN5956,214977
2023/8/14,KN5957,139016
2023/8/14,KN5958,138928
2023/8/14,KN5977,102652
2023/8/14,KN5978,130557.43
2023/8/15,KN5737,181816
2023/8/15,KN5738,260219
2023/8/15,KN5955,240856
2023/8/15,KN5956,212225
2023/8/15,KN5957,131638
2023/8/15,KN5958,124025
2023/8/15,KN5977,151565
2023/8/15,KN5978,124352.13
2023/8/16,KN5737,205105
2023/8/16,KN5738,282276
2023/8/16,KN5955,276779
2023/8/16,KN5956,232650
2023/8/16,KN5957,144265
2023/8/16,KN5958,147255.67
2023/8/16,KN5977,130782
2023/8/16,KN5978,138149
2023/8/17,KN5737,199715
2023/8/17,KN5738,307513
2023/8/17,KN5955,326157
2023/8/17,KN5956,303988
2023/8/17,KN5957,150705
2023/8/17,KN5958,160696
2023/8/17,KN5977,124557
2023/8/17,KN5978,126550.5
2023/8/18,KN5737,208568
2023/8/18,KN5738,256858
2023/8/18,KN5955,309450
2023/8/18,KN5956,236813.72
2023/8/18,KN5957,144641
2023/8/18,KN5958,192130
2023/8/18,KN5977,176075
2023/8/18,KN5978,130519
2023/8/19,KN5737,197943
2023/8/19,KN5738,281668
2023/8/19,KN5955,213807
2023/8/19,KN5956,207485
2023/8/19,KN5957,126749
2023/8/19,KN5958,138855
2023/8/19,KN5977,106038.5
2023/8/19,KN5978,121093.28
2023/8/20,KN5737,203262
2023/8/20,KN5738,279626
2023/8/20,KN5955,320940
2023/8/20,KN5956,345155
2023/8/20,KN5957,154220
2023/8/20,KN5958,170118
2023/8/20,KN5977,148750
2023/8/20,KN5978,138991.5
2023/8/21,KN5737,207225
2023/8/21,KN5738,297158
2023/8/21,KN5955,222680
2023/8/21,KN5956,231815
2023/8/21,KN5957,126426
2023/8/21,KN5958,136187
2023/8/21,KN5977,101789
2023/8/21,KN5978,147380.4
2023/8/22,KN5737,175089
2023/8/22,KN5738,228586
2023/8/22,KN5955,236401
2023/8/22,KN5956,214834
2023/8/22,KN5957,113727
2023/8/22,KN5958,123678
2023/8/22,KN5977,125352
2023/8/22,KN5978,108757.6
2023/8/23,KN5737,171497
2023/8/23,KN5738,251738
2023/8/23,KN5955,236264
2023/8/23,KN5956,213596
2023/8/23,KN5957,124090
2023/8/23,KN5958,143909
2023/8/23,KN5977,107644
2023/8/23,KN5978,134902.9
2023/8/24,KN5737,164223
2023/8/24,KN5738,240237
2023/8/24,KN5955,225885
2023/8/24,KN5956,222288
2023/8/24,KN5957,122484
2023/8/24,KN5958,135097
2023/8/24,KN5977,129344
2023/8/24,KN5978,111421
2023/8/25,KN5737,163484.22
2023/8/25,KN5738,251555
2023/8/25,KN5955,261125
2023/8/25,KN5956,276612.67
2023/8/25,KN5957,116290
2023/8/25,KN5958,186446
2023/8/25,KN5977,133364
2023/8/25,KN5978,133857.07
2023/8/26,KN5737,171351
2023/8/26,KN5738,230451
2023/8/26,KN5955,178003
2023/8/26,KN5956,175518.4
2023/8/26,KN5957,105636
2023/8/26,KN5958,88436
2023/8/26,KN5977,83258
2023/8/26,KN5978,127775.7
2023/8/27,KN5737,168042
2023/8/27,KN5738,192203
2023/8/27,KN5955,255788
2023/8/27,KN5956,226811.9
2023/8/27,KN5957,133677
2023/8/27,KN5958,150501
2023/8/27,KN5977,104957
2023/8/27,KN5978,74041
2023/8/28,KN5737,191732
2023/8/28,KN5738,245876
2023/8/28,KN5955,216947
2023/8/28,KN5956,157824
2023/8/28,KN5957,119005
2023/8/28,KN5958,66687
2023/8/28,KN5977,99185
2023/8/28,KN5978,109781.9
2023/8/29,KN5737,129993
2023/8/29,KN5738,166197
2023/8/29,KN5955,186030
2023/8/29,KN5956,179085
2023/8/29,KN5957,111568
2023/8/29,KN5958,99387
2023/8/29,KN5977,90296.49
2023/8/29,KN5978,94145.6
2023/8/30,KN5737,139626
2023/8/30,KN5738,189906
2023/8/30,KN5955,250882.53
2023/8/30,KN5956,175589
2023/8/30,KN5957,122675
2023/8/30,KN5958,102785
2023/8/30,KN5977,82485
2023/8/30,KN5978,77360.93
2023/8/31,KN5737,142455
2023/8/31,KN5738,210221.9
2023/8/31,KN5955,178274
2023/8/31,KN5956,172925
2023/8/31,KN5957,102536
2023/8/31,KN5958,95008
2023/8/31,KN5977,127655
2023/8/31,KN5978,3190
2023/9/1,KN5737,162811
2023/9/1,KN5738,214015
2023/9/1,KN5955,228434
2023/9/1,KN5956,200259.34
2023/9/1,KN5957,108998
2023/9/1,KN5958,112660
2023/9/1,KN5977,117938
2023/9/2,KN5737,141907
2023/9/2,KN5738,197059
2023/9/2,KN5955,175241
2023/9/2,KN5956,149120
2023/9/2,KN5957,91435
2023/9/2,KN5958,83091
2023/9/2,KN5977,62590
2023/9/2,KN5978,84171.52
2023/9/3,KN5737,85722
2023/9/3,KN5738,114307
2023/9/3,KN5955,212799
2023/9/3,KN5956,182347
2023/9/3,KN5957,113059
2023/9/3,KN5958,82118
2023/9/3,KN5977,79054
2023/9/3,KN5978,94554.8
2023/9/4,KN5737,168980
2023/9/4,KN5738,177996
2023/9/4,KN5955,173644
2023/9/4,KN5956,167017
2023/9/4,KN5957,108827
2023/9/4,KN5958,104136
2023/9/4,KN5977,72199
2023/9/4,KN5978,92849.17
2023/9/5,KN5737,159339
2023/9/5,KN5738,208335
2023/9/5,KN5955,213195
2023/9/5,KN5956,183637
2023/9/5,KN5957,116580
2023/9/5,KN5958,109544
2023/9/5,KN5977,90300
2023/9/5,KN5978,88110
2023/9/6,KN5737,166933.75
2023/9/6,KN5738,204468
2023/9/6,KN5955,263380
2023/9/6,KN5956,156440
2023/9/6,KN5957,132569
2023/9/6,KN5958,121828
2023/9/6,KN5977,100527
2023/9/6,KN5978,97306.4
2023/9/7,KN5737,171273
2023/9/7,KN5738,209808
2023/9/7,KN5955,229309
2023/9/7,KN5956,201937
2023/9/7,KN5957,121549
2023/9/7,KN5958,119910
2023/9/7,KN5977,100469
2023/9/7,KN5978,113275
2023/9/8,KN5737,158394
2023/9/8,KN5738,211484
2023/9/8,KN5955,291849
2023/9/8,KN5956,299631
2023/9/8,KN5957,143858
2023/9/8,KN5958,161886
2023/9/8,KN5977,117486
2023/9/8,KN5978,100450
2023/9/9,KN5737,168984
2023/9/9,KN5738,198169
2023/9/9,KN5955,166916
2023/9/9,KN5956,151929
2023/9/9,KN5957,104797
2023/9/9,KN5958,79428
2023/9/9,KN5977,78348
2023/9/9,KN5978,88855.4
2023/9/10,KN5737,107363
2023/9/10,KN5738,161036
2023/9/10,KN5955,255772
2023/9/10,KN5956,203646
2023/9/10,KN5957,127015
2023/9/10,KN5958,119595
2023/9/10,KN5977,111040
2023/9/10,KN5978,66467
2023/9/11,KN5737,196494
2023/9/11,KN5738,225184
2023/9/11,KN5955,205957
2023/9/11,KN5956,155196
2023/9/11,KN5957,129248
2023/9/11,KN5958,86187
2023/9/11,KN5977,84130
2023/9/11,KN5978,103596
2023/9/12,KN5737,174482
2023/9/12,KN5738,206817.4
2023/9/12,KN5955,199474
2023/9/12,KN5956,175920
2023/9/12,KN5957,93899
2023/9/12,KN5958,81040
2023/9/12,KN5977,160
2023/9/12,KN5978,89743.81
2023/9/13,KN5737,153432.75
2023/9/13,KN5738,243898
2023/9/13,KN5955,210405
2023/9/13,KN5956,165058
2023/9/13,KN5957,113539
2023/9/13,KN5958,122949
2023/9/13,KN5977,82040
2023/9/13,KN5978,90014.18
2023/9/14,KN5737,138996
2023/9/14,KN5738,201128
2023/9/14,KN5955,199779
2023/9/14,KN5956,204897
2023/9/14,KN5957,104289
2023/9/14,KN5958,119259
2023/9/14,KN5977,99799
2023/9/14,KN5978,90269.55
2023/9/15,KN5737,132672
2023/9/15,KN5738,212987
2023/9/15,KN5955,315733
2023/9/15,KN5956,302552
2023/9/15,KN5957,151754
2023/9/15,KN5958,181394
2023/9/15,KN5977,153410
2023/9/15,KN5978,108875
2023/9/16,KN5737,190366
2023/9/16,KN5738,159552
2023/9/16,KN5955,188226
2023/9/16,KN5956,149589
2023/9/16,KN5957,102765
2023/9/16,KN5958,75263
2023/9/16,KN5977,73355
2023/9/16,KN5978,91115.8
2023/9/17,KN5737,135684.11
2023/9/17,KN5738,167815
2023/9/17,KN5955,136727
2023/9/17,KN5956,144268
2023/9/17,KN5957,106242
2023/9/17,KN5958,114660
2023/9/17,KN5977,187347
2023/9/17,KN5978,87634.54
2023/9/18,KN5737,160739
2023/9/18,KN5738,244993.4
2023/9/18,KN5955,120614
2023/9/18,KN5956,600
2023/9/18,KN5957,129738
2023/9/18,KN5958,96766
2023/9/18,KN5977,71319
2023/9/19,KN5737,210073
2023/9/19,KN5738,234918
2023/9/19,KN5955,108615
2023/9/19,KN5956,101046
2023/9/19,KN5957,121398
2023/9/19,KN5958,124070
2023/9/19,KN5977,820
2023/9/19,KN5978,97665.8
2023/9/20,KN5737,111263
2023/9/20,KN5738,177529
2023/9/20,KN5955,277764
2023/9/20,KN5956,182138
2023/9/20,KN5957,135769
2023/9/20,KN5958,127168
2023/9/20,KN5977,94973
2023/9/20,KN5978,183998.51
2023/9/21,KN5737,159749
2023/9/21,KN5738,250927.4
2023/9/21,KN5955,225194
2023/9/21,KN5956,213978
2023/9/21,KN5957,128348
2023/9/21,KN5958,146486
2023/9/21,KN5977,100238
2023/9/21,KN5978,112848.85
2023/9/22,KN5737,170538
2023/9/22,KN5738,299157
2023/9/22,KN5955,368956
2023/9/22,KN5956,377454
2023/9/22,KN5957,159510
2023/9/22,KN5958,215634
2023/9/22,KN5977,145340
2023/9/22,KN5978,116523.25
2023/9/23,KN5737,150424
2023/9/23,KN5738,256458
2023/9/23,KN5955,183239
2023/9/23,KN5956,171140
2023/9/23,KN5957,99021
2023/9/23,KN5958,90509
2023/9/23,KN5977,85771.5
2023/9/23,KN5978,121770.74
2023/9/24,KN5737,144103
2023/9/24,KN5738,179662
2023/9/24,KN5955,285335
2023/9/24,KN5956,201882
2023/9/24,KN5957,131497
2023/9/24,KN5958,119001
2023/9/24,KN5977,128370
2023/9/24,KN5978,98891.38
2023/9/25,KN5737,198840
2023/9/25,KN5738,256235
2023/9/25,KN5955,206228
2023/9/25,KN5956,182875
2023/9/25,KN5957,100120
2023/9/25,KN5958,103158
2023/9/25,KN5977,91100
2023/9/25,KN5978,92866.12
2023/9/26,KN5737,138900
2023/9/26,KN5738,179986
2023/9/26,KN5955,1218
2023/9/26,KN5956,197205
2023/9/26,KN5957,124518
2023/9/26,KN5958,131169
2023/9/26,KN5977,103839
2023/9/26,KN5978,75974.05
2023/9/27,KN5737,7620
2023/9/27,KN5738,1650
2023/9/27,KN5955,249404
2023/9/27,KN5956,248960
2023/9/27,KN5957,136291
2023/9/27,KN5958,153118
2023/9/27,KN5977,216389
2023/9/27,KN5978,115638.62
2023/9/28,KN5738,1470
2023/9/28,KN5955,437095
2023/9/28,KN5956,404264
2023/9/28,KN5957,174106
2023/9/28,KN5958,260240
2023/9/29,KN5737,152449
2023/9/29,KN5738,179760
2023/9/29,KN5955,270033
2023/9/29,KN5956,251050
2023/9/29,KN5958,1630
2023/9/29,KN5977,99471
2023/9/29,KN5978,338801.91
2023/9/30,KN5737,122420
2023/9/30,KN5738,177820
2023/9/30,KN5955,226405.67
2023/9/30,KN5956,198011.33
2023/9/30,KN5957,156290
2023/9/30,KN5958,138060
2023/9/30,KN5977,135080
2023/9/30,KN5978,135433.6
2023/10/1,KN5737,193705
2023/10/1,KN5738,220637
2023/10/1,KN5955,186070
2023/10/1,KN5956,138759
2023/10/1,KN5957,115821
2023/10/1,KN5958,91726
2023/10/1,KN5977,88117.5
2023/10/1,KN5978,97469.63
2023/10/2,KN5737,159014
2023/10/2,KN5738,154808
2023/10/2,KN5955,187211
2023/10/2,KN5956,142699
2023/10/2,KN5957,3490
2023/10/2,KN5958,93497
2023/10/2,KN5977,93575.5
2023/10/2,KN5978,95135.71
2023/10/3,KN5737,156368
2023/10/3,KN5738,191965
2023/10/3,KN5955,220612
2023/10/3,KN5956,153231
2023/10/3,KN5957,139959
2023/10/3,KN5958,95594
2023/10/3,KN5977,116501
2023/10/3,KN5978,80080.28
2023/10/4,KN5737,154553
2023/10/4,KN5738,195440
2023/10/4,KN5955,239220
2023/10/4,KN5956,192289
2023/10/4,KN5957,125190
2023/10/4,KN5958,106810
2023/10/4,KN5977,119694
2023/10/4,KN5978,78894.19
2023/10/5,KN5737,200250
2023/10/5,KN5738,248060
2023/10/5,KN5955,274475
2023/10/5,KN5956,254774.76
2023/10/5,KN5957,153240
2023/10/5,KN5958,157908
2023/10/5,KN5977,138645
2023/10/5,KN5978,120589.35
2023/10/6,KN5737,190130
2023/10/6,KN5738,239359
2023/10/6,KN5955,235980
2023/10/6,KN5956,211220
2023/10/6,KN5957,138010
2023/10/6,KN5958,149230
2023/10/6,KN5977,126830
2023/10/6,KN5978,165003.87
2023/10/7,KN5737,151446
2023/10/7,KN5738,163915
2023/10/7,KN5955,186375
2023/10/7,KN5956,166415.5
2023/10/7,KN5957,116068
2023/10/7,KN5958,102965
2023/10/7,KN5977,144355
2023/10/7,KN5978,110418.8
2023/10/8,KN5737,144684
2023/10/8,KN5738,240616.68
2023/10/8,KN5955,125144
2023/10/8,KN5956,85909
2023/10/8,KN5957,123936
2023/10/8,KN5958,97273
2023/10/8,KN5977,92224
2023/10/8,KN5978,570
2023/10/9,KN5737,133713
2023/10/9,KN5738,181413
2023/10/9,KN5955,103569
2023/10/9,KN5956,74959
2023/10/9,KN5957,94019
2023/10/9,KN5958,88867
2023/10/9,KN5977,78530
2023/10/9,KN5978,122882.55
2023/10/10,KN5737,125611
2023/10/10,KN5738,194638
2023/10/10,KN5955,170506
2023/10/10,KN5956,134610
2023/10/10,KN5957,101552
2023/10/10,KN5958,91950
2023/10/10,KN5977,80090
2023/10/10,KN5978,85452.78
2023/10/11,KN5737,146630
2023/10/11,KN5738,191549
2023/10/11,KN5955,204865
2023/10/11,KN5956,146348
2023/10/11,KN5957,116140
2023/10/11,KN5958,97749
2023/10/11,KN5977,89655
2023/10/11,KN5978,92687.5
2023/10/12,KN5737,153389
2023/10/12,KN5738,203206
2023/10/12,KN5955,207899
2023/10/12,KN5956,157207
2023/10/12,KN5957,97020
2023/10/12,KN5958,104737
2023/10/12,KN5977,94959
2023/10/12,KN5978,84047.7
2023/10/13,KN5737,156717
2023/10/13,KN5738,198910
2023/10/13,KN5955,271863
2023/10/13,KN5956,270825
2023/10/13,KN5957,143340
2023/10/13,KN5958,149050
2023/10/13,KN5977,145660
2023/10/13,KN5978,85724.8
2023/10/14,KN5737,100093
2023/10/14,KN5738,117152
2023/10/14,KN5955,174453
2023/10/14,KN5956,141776
2023/10/14,KN5957,105537
2023/10/14,KN5958,110404
2023/10/14,KN5977,98500
2023/10/14,KN5978,87346.5
2023/10/15,KN5737,87028
2023/10/15,KN5738,125868
2023/10/15,KN5955,227139
2023/10/15,KN5956,249710
2023/10/15,KN5957,114850
2023/10/15,KN5958,176040
2023/10/15,KN5977,162020
2023/10/15,KN5978,92918.06
2023/10/16,KN5737,107222
2023/10/16,KN5738,156236
2023/10/16,KN5955,188973
2023/10/16,KN5956,180999
2023/10/16,KN5957,97279
2023/10/16,KN5958,102762
2023/10/16,KN5977,80909
2023/10/16,KN5978,137894.04
2023/10/17,KN5737,81997
2023/10/17,KN5738,122436
2023/10/17,KN5955,184865
2023/10/17,KN5956,165127
2023/10/17,KN5957,102159
2023/10/17,KN5958,110871
2023/10/17,KN5977,66640
2023/10/17,KN5978,73140.3
2023/10/18,KN5737,84245
2023/10/18,KN5738,160035
2023/10/18,KN5955,251600
2023/10/18,KN5956,169668
2023/10/18,KN5957,119930
2023/10/18,KN5958,122110
2023/10/18,KN5977,86350
2023/10/18,KN5978,4840
2023/10/19,KN5737,95730
2023/10/19,KN5738,154339
2023/10/19,KN5955,143829
2023/10/19,KN5957,125750
2023/10/19,KN5958,124287
2023/10/19,KN5977,90034
2023/10/19,KN5978,85038.4
2023/10/20,KN5737,139396
2023/10/20,KN5738,249641
2023/10/20,KN5955,315409
2023/10/20,KN5956,315836
2023/10/20,KN5957,150430
2023/10/20,KN5958,213350
2023/10/20,KN5977,165450
2023/10/20,KN5978,105548.1
2023/10/21,KN5737,161194
2023/10/21,KN5738,218502
2023/10/21,KN5955,170298
2023/10/21,KN5956,135486
2023/10/21,KN5957,102979
2023/10/21,KN5958,93827
2023/10/21,KN5977,67485
2023/10/21,KN5978,89898.5
2023/10/22,KN5737,128971
2023/10/22,KN5738,197477
2023/10/22,KN5955,239782
2023/10/22,KN5956,218249
2023/10/22,KN5957,114840
2023/10/22,KN5958,149340
2023/10/22,KN5977,96330
2023/10/22,KN5978,81703.95
2023/10/23,KN5737,158845
2023/10/23,KN5738,249905
2023/10/23,KN5955,168928
2023/10/23,KN5956,155217
2023/10/23,KN5957,113659
2023/10/23,KN5958,96344
2023/10/23,KN5977,85120
2023/10/23,KN5978,101040
2023/10/24,KN5737,127213
2023/10/24,KN5738,195980
2023/10/24,KN5955,196802
2023/10/24,KN5956,156450
2023/10/24,KN5957,88755
2023/10/24,KN5958,103079
2023/10/24,KN5977,77550
2023/10/24,KN5978,78201
2023/10/25,KN5737,150325
2023/10/25,KN5738,216447
2023/10/25,KN5955,239820
2023/10/25,KN5956,182439
2023/10/25,KN5957,124800
2023/10/25,KN5958,115720
2023/10/25,KN5977,71959
2023/10/25,KN5978,78040
2023/10/26,KN5737,136438
2023/10/26,KN5738,206279
2023/10/26,KN5955,250000
2023/10/26,KN5956,191794
2023/10/26,KN5957,115390
2023/10/26,KN5958,111111
2023/10/26,KN5977,85968
2023/10/26,KN5978,91040.55
2023/10/27,KN5737,152840
2023/10/27,KN5738,213058
2023/10/27,KN5955,364770
2023/10/27,KN5956,355220
2023/10/27,KN5957,179730
2023/10/27,KN5958,215879
2023/10/27,KN5977,980
2023/10/27,KN5978,93606.5
2023/10/28,KN5737,147544
2023/10/28,KN5738,194994
2023/10/28,KN5955,177428
2023/10/28,KN5956,153420
2023/10/28,KN5957,98586
2023/10/28,KN5958,82669
2023/10/28,KN5977,26825
2023/10/28,KN5978,37512.5
2023/10/29,KN5737,67210
2023/10/29,KN5738,99879
2023/10/29,KN5955,214455
2023/10/29,KN5956,171635
2023/10/29,KN5957,190096
2023/10/29,KN5958,138774
2023/10/29,KN5977,90794
2023/10/29,KN5978,75113
2023/10/30,KN5737,89889
2023/10/30,KN5738,129357
2023/10/30,KN5955,147579
2023/10/30,KN5956,100210
2023/10/30,KN5957,82966
2023/10/30,KN5958,48940
2023/10/30,KN5977,67915
2023/10/30,KN5978,91382.63
2023/10/31,KN5737,67077
2023/10/31,KN5738,113478
2023/10/31,KN5955,139060
2023/10/31,KN5956,79918
2023/10/31,KN5957,184720
2023/10/31,KN5958,128990
2023/10/31,KN5978,3260
2023/11/1,KN5737,410
2023/11/1,KN5738,131090
2023/11/1,KN5955,65389
2023/11/1,KN5956,19540
2023/11/1,KN5957,184245
2023/11/1,KN5958,134154
2023/11/1,KN5977,71854
2023/11/1,KN5978,121312.15
2023/11/2,KN5737,18050
2023/11/2,KN5738,54050
2023/11/2,KN5955,168600
2023/11/2,KN5956,113826
2023/11/2,KN5957,97619
2023/11/2,KN5958,79466
2023/11/2,KN5977,61432.5
2023/11/2,KN5978,76863.57
2023/11/3,KN5737,72073
2023/11/3,KN5738,112058
2023/11/3,KN5955,236947
2023/11/3,KN5956,184768
2023/11/3,KN5957,238315
2023/11/3,KN5958,228585
2023/11/3,KN5977,95725.5
2023/11/3,KN5978,62201
2023/11/4,KN5737,83546
2023/11/4,KN5738,93894
2023/11/4,KN5955,122760
2023/11/4,KN5956,96290
2023/11/4,KN5957,150422
2023/11/4,KN5958,119718
2023/11/4,KN5977,65529
2023/11/4,KN5978,60943.27
2023/11/5,KN5737,80218
2023/11/5,KN5738,77809
2023/11/5,KN5955,239690
2023/11/5,KN5956,134986
2023/11/5,KN5957,251115
2023/11/5,KN5958,174597
2023/11/5,KN5977,95429
2023/11/5,KN5978,63109
2023/11/6,KN5737,133011
2023/11/6,KN5738,125206
2023/11/6,KN5955,147295
2023/11/6,KN5956,101129
2023/11/6,KN5957,150659
2023/11/6,KN5958,123976
2023/11/6,KN5977,67265
2023/11/6,KN5978,95797.94
2023/11/7,KN5737,76269
2023/11/7,KN5738,155679
2023/11/7,KN5955,164018
2023/11/7,KN5956,122880
2023/11/7,KN5957,157648
2023/11/7,KN5958,136069
2023/11/7,KN5978,78110.22
2023/11/8,KN5737,80899
2023/11/8,KN5738,144130
2023/11/8,KN5955,167140
2023/11/8,KN5956,121120
2023/11/8,KN5957,180640
2023/11/8,KN5958,159720
2023/11/8,KN5977,75820
2023/11/8,KN5978,140179.79
2023/11/9,KN5737,84060
2023/11/9,KN5738,153662
2023/11/9,KN5955,172399
2023/11/9,KN5956,122614
2023/11/9,KN5957,180398
2023/11/9,KN5958,138338.9
2023/11/9,KN5977,76644
2023/11/9,KN5978,87495.45
2023/11/10,KN5737,83939
2023/11/10,KN5738,143458
2023/11/10,KN5955,234538.5
2023/11/10,KN5956,207444.5
2023/11/10,KN5957,266795
2023/11/10,KN5958,244336.5
2023/11/10,KN5977,107516.5
2023/11/10,KN5978,78763.13
2023/11/11,KN5737,76724
2023/11/11,KN5738,96706
2023/11/11,KN5955,97903
2023/11/11,KN5956,92460
2023/11/11,KN5957,145113
2023/11/11,KN5958,117899
2023/11/11,KN5977,50355
2023/11/11,KN5978,71004
2023/11/12,KN5737,59999
2023/11/12,KN5738,105431
2023/11/12,KN5955,155643
2023/11/12,KN5956,171496
2023/11/12,KN5957,166654
2023/11/12,KN5958,222819.5
2023/11/12,KN5977,66128.87
2023/11/12,KN5978,71546.31
2023/11/13,KN5737,67907
2023/11/13,KN5738,115226
2023/11/13,KN5955,120324
2023/11/13,KN5956,99635.5
2023/11/13,KN5957,136808
2023/11/13,KN5958,133287
2023/11/13,KN5977,49700
2023/11/13,KN5978,80944.6
2023/11/14,KN5737,76743
2023/11/14,KN5738,117708
2023/11/14,KN5955,138925
2023/11/14,KN5956,100029
2023/11/14,KN5957,144668
2023/11/14,KN5958,132205
2023/11/14,KN5977,63713
2023/11/14,KN5978,65010
2023/11/15,KN5737,75506
2023/11/15,KN5738,124811.2
2023/11/15,KN5955,177897
2023/11/15,KN5956,104450
2023/11/15,KN5957,207930
2023/11/15,KN5958,125478
2023/11/15,KN5977,59878.5
2023/11/15,KN5978,79468.36
2023/11/16,KN5737,76978
2023/11/16,KN5738,102324
2023/11/16,KN5955,170075
2023/11/16,KN5956,139320
2023/11/16,KN5957,198467
2023/11/16,KN5958,139813.5
2023/11/16,KN5977,68843.5
2023/11/16,KN5978,80145.94
2023/11/17,KN5737,80058
2023/11/17,KN5738,105620
2023/11/17,KN5955,247275
2023/11/17,KN5956,220135
2023/11/17,KN5957,287178.5
2023/11/17,KN5958,239663
2023/11/17,KN5977,105871
2023/11/17,KN5978,77530
2023/11/18,KN5737,77720
2023/11/18,KN5738,103106
2023/11/18,KN5955,53424
2023/11/18,KN5957,101621
2023/11/18,KN5958,117492
2023/11/18,KN5977,48933
2023/11/18,KN5978,75315
2023/11/19,KN5737,69244
2023/11/19,KN5738,90198
2023/11/19,KN5955,162539
2023/11/19,KN5956,188579
2023/11/19,KN5957,179158
2023/11/19,KN5958,214870
2023/11/19,KN5977,74108
2023/11/19,KN5978,69029.45
2023/11/20,KN5737,60824.5
2023/11/20,KN5738,107206
2023/11/20,KN5955,127091
2023/11/20,KN5956,108119
2023/11/20,KN5957,129813
2023/11/20,KN5958,136477
2023/11/20,KN5977,56915
2023/11/20,KN5978,91551.08
2023/11/21,KN5737,58524
2023/11/21,KN5738,98676
2023/11/21,KN5955,110700
2023/11/21,KN5956,30170
2023/11/21,KN5957,139847
2023/11/21,KN5958,115400
2023/11/21,KN5977,63603
2023/11/21,KN5978,60713.15
2023/11/22,KN5737,66638
2023/11/22,KN5738,127714
2023/11/22,KN5955,169397
2023/11/22,KN5956,108946
2023/11/22,KN5957,180950
2023/11/22,KN5958,141786
2023/11/22,KN5977,60801
2023/11/22,KN5978,71341.35
2023/11/23,KN5737,67205
2023/11/23,KN5738,125550
2023/11/23,KN5955,153897
2023/11/23,KN5956,124962.5
2023/11/23,KN5957,176057
2023/11/23,KN5958,130333
2023/11/23,KN5977,72786
2023/11/23,KN5978,72625.05
2023/11/24,KN5737,86422
2023/11/24,KN5738,110525
2023/11/24,KN5955,221454
2023/11/24,KN5956,192824
2023/11/24,KN5957,247473
2023/11/24,KN5958,230683
2023/11/24,KN5977,96425
2023/11/24,KN5978,69105.5
2023/11/25,KN5737,68927
2023/11/25,KN5738,94095
2023/11/25,KN5955,89321
2023/11/25,KN5956,93771
2023/11/25,KN5957,113471
2023/11/25,KN5958,109703
2023/11/25,KN5977,55263
2023/11/25,KN5978,79036.1
2023/11/26,KN5737,58734
2023/11/26,KN5738,85451
2023/11/26,KN5955,181526
2023/11/26,KN5956,166338
2023/11/26,KN5957,164855
2023/11/26,KN5958,187936
2023/11/26,KN5977,121851
2023/11/26,KN5978,70661.99
2023/11/27,KN5737,69133
2023/11/27,KN5738,111903
2023/11/27,KN5955,129435
2023/11/27,KN5956,126072
2023/11/27,KN5957,133931
2023/11/27,KN5958,127325
2023/11/28,KN5737,52606
2023/11/28,KN5738,87438
2023/11/28,KN5955,145456
2023/11/28,KN5956,109119
2023/11/28,KN5957,165729
2023/11/28,KN5958,120054
2023/11/28,KN5977,68104
2023/11/28,KN5978,112760.13
2023/11/29,KN5737,70969
2023/11/29,KN5738,105855
2023/11/29,KN5955,172184
2023/11/29,KN5956,114288
2023/11/29,KN5957,174026
2023/11/29,KN5958,111199
2023/11/29,KN5977,61571.67
2023/11/29,KN5978,69181.23
2023/11/30,KN5737,63659
2023/11/30,KN5738,108421
2023/11/30,KN5955,177296
2023/11/30,KN5956,127022
2023/11/30,KN5957,169805
2023/11/30,KN5958,137744
2023/11/30,KN5977,72397.5
2023/11/30,KN5978,60626.28
2023/12/1,KN5737,3260
2023/12/1,KN5738,116766
2023/12/1,KN5955,212161
2023/12/1,KN5956,201237
2023/12/1,KN5957,213638
2023/12/1,KN5958,215985
2023/12/1,KN5977,96650
2023/12/1,KN5978,69177.36
2023/12/2,KN5737,48887
2023/12/2,KN5738,86608
2023/12/2,KN5955,87686
2023/12/2,KN5956,102131
2023/12/2,KN5957,114241
2023/12/2,KN5958,110664
2023/12/2,KN5977,39330
2023/12/2,KN5978,51463.94
2023/12/3,KN5737,38243
2023/12/3,KN5738,82501
2023/12/3,KN5955,162473
2023/12/3,KN5956,141187
2023/12/3,KN5957,140555
2023/12/3,KN5958,165239
2023/12/3,KN5978,63982.93
2023/12/4,KN5737,55153
2023/12/4,KN5738,108285
2023/12/4,KN5955,134664
2023/12/4,KN5956,96453
2023/12/4,KN5957,138715
2023/12/4,KN5958,128251
2023/12/4,KN5977,55108
2023/12/4,KN5978,78405.76
2023/12/5,KN5737,59491
2023/12/5,KN5738,97364
2023/12/5,KN5955,126209
2023/12/5,KN5956,90687
2023/12/5,KN5957,140161
2023/12/5,KN5958,120535
2023/12/5,KN5977,58080
2023/12/5,KN5978,49796.4
2023/12/6,KN5737,64109
2023/12/6,KN5738,119850
2023/12/6,KN5955,173220
2023/12/6,KN5956,91170
2023/12/6,KN5957,134439
2023/12/6,KN5958,119422
2023/12/6,KN5977,62440
2023/12/6,KN5978,72913.9
2023/12/7,KN5737,67597
2023/12/7,KN5738,127156
2023/12/7,KN5955,144675
2023/12/7,KN5956,121943
2023/12/7,KN5957,176994
2023/12/7,KN5958,126302
2023/12/7,KN5977,67981
2023/12/7,KN5978,68284.4
2023/12/8,KN5737,80749
2023/12/8,KN5738,111517
2023/12/8,KN5955,193623
2023/12/8,KN5956,194343
2023/12/8,KN5957,255772
2023/12/8,KN5958,229254
2023/12/8,KN5977,100922
2023/12/8,KN5978,83744.06
2023/12/9,KN5737,54147
2023/12/9,KN5738,81843.24
2023/12/9,KN5955,93856
2023/12/9,KN5956,92063
2023/12/9,KN5957,101703
2023/12/9,KN5958,110688
2023/12/9,KN5977,46564
2023/12/9,KN5978,58639.1
2023/12/10,KN5737,46458
2023/12/10,KN5738,109473
2023/12/10,KN5955,173470
2023/12/10,KN5956,154662
2023/12/10,KN5957,166701
2023/12/10,KN5958,186232
2023/12/10,KN5977,79596
2023/12/10,KN5978,65296.2
2023/12/11,KN5737,72967
2023/12/11,KN5738,117412
2023/12/11,KN5955,123675
2023/12/11,KN5956,116306
2023/12/11,KN5957,129278
2023/12/11,KN5958,120728.84
2023/12/11,KN5977,57735
2023/12/11,KN5978,76154.8
2023/12/12,KN5737,65378
2023/12/12,KN5738,99950
2023/12/12,KN5955,139354
2023/12/12,KN5956,90229
2023/12/12,KN5957,134189
2023/12/12,KN5958,126880
2023/12/12,KN5977,54015
2023/12/13,KN5737,54638
2023/12/13,KN5738,128040
2023/12/13,KN5955,194072
2023/12/13,KN5956,121459
2023/12/13,KN5957,174338
2023/12/13,KN5958,172419
2023/12/13,KN5977,88508.75
2023/12/13,KN5978,91578.08
2023/12/14,KN5737,16320
2023/12/14,KN5738,41293
2023/12/14,KN5955,219763.24
2023/12/14,KN5956,31170
2023/12/14,KN5957,226240
2023/12/14,KN5958,64030
2023/12/14,KN5977,37615
2023/12/14,KN5978,68439.44
2023/12/15,KN5737,20885
2023/12/15,KN5738,63145
2023/12/15,KN5955,297835
2023/12/15,KN5956,252893
2023/12/15,KN5957,178243
2023/12/15,KN5958,135226.5
2023/12/15,KN5977,185600
2023/12/15,KN5978,42099.05
2023/12/16,KN5737,82668
2023/12/16,KN5738,120201.34
2023/12/16,KN5955,85801
2023/12/16,KN5956,114021
2023/12/16,KN5957,82389
2023/12/16,KN5958,76459
2023/12/16,KN5977,49334
2023/12/16,KN5978,86169.57
2023/12/17,KN5737,64345
2023/12/17,KN5738,91167
2023/12/17,KN5955,158491
2023/12/17,KN5956,152183
2023/12/17,KN5957,104871
2023/12/17,KN5958,84562.2
2023/12/17,KN5977,81577.5
2023/12/17,KN5978,90689.59
2023/12/18,KN5737,69196
2023/12/18,KN5738,114326
2023/12/18,KN5955,143846
2023/12/18,KN5956,116730
2023/12/18,KN5957,83880
2023/12/18,KN5958,72777
2023/12/18,KN5977,60103
2023/12/18,KN5978,72323.8
2023/12/19,KN5737,67437
2023/12/19,KN5738,99981
2023/12/19,KN5955,142395
2023/12/19,KN5956,101149
2023/12/19,KN5957,92860
2023/12/19,KN5958,73343
2023/12/19,KN5977,63853
2023/12/19,KN5978,65377.58
2023/12/20,KN5737,113636
2023/12/20,KN5738,191653
2023/12/20,KN5955,160507
2023/12/20,KN5956,121630
2023/12/20,KN5957,100157
2023/12/20,KN5958,75171
2023/12/20,KN5977,63206
2023/12/20,KN5978,68027.06
2023/12/21,KN5737,118967
2023/12/21,KN5738,179890
2023/12/21,KN5955,96852
2023/12/21,KN5956,68630
2023/12/21,KN5957,7430
2023/12/21,KN5958,4830
2023/12/21,KN5977,68656
2023/12/21,KN5978,65738
2023/12/22,KN5737,112767
2023/12/22,KN5738,215011
2023/12/22,KN5955,152235
2023/12/22,KN5956,123144
2023/12/22,KN5957,3280
2023/12/22,KN5958,7440
2023/12/22,KN5977,92618.01
2023/12/22,KN5978,77895.57
2023/12/23,KN5737,116906
2023/12/23,KN5738,134785
2023/12/23,KN5955,55599
2023/12/23,KN5956,49693.34
2023/12/23,KN5957,20915
2023/12/23,KN5958,17242.7
2023/12/23,KN5977,43353
2023/12/23,KN5978,72822.5
2023/12/24,KN5737,90730
2023/12/24,KN5738,143207
2023/12/24,KN5955,169852
2023/12/24,KN5957,17370
2023/12/24,KN5958,43127
2023/12/24,KN5977,80682
2023/12/24,KN5978,91644.78
2023/12/25,KN5737,96943
2023/12/25,KN5738,188730
2023/12/25,KN5955,91963
2023/12/25,KN5956,78168
2023/12/25,KN5957,16080
2023/12/25,KN5958,31663
2023/12/25,KN5977,51518
2023/12/25,KN5978,81241.1
2023/12/26,KN5737,2738
2023/12/26,KN5738,173079
2023/12/26,KN5955,83868.5
2023/12/26,KN5956,85467
2023/12/26,KN5957,26132
2023/12/26,KN5958,18370
2023/12/26,KN5977,52661
2023/12/26,KN5978,75963.9
2023/12/27,KN5737,116328
2023/12/27,KN5738,199691
2023/12/27,KN5955,103851
2023/12/27,KN5956,72617.5
2023/12/27,KN5957,24800
2023/12/27,KN5958,17410
2023/12/27,KN5977,63965
2023/12/27,KN5978,70002.85
2023/12/28,KN5737,103857
2023/12/28,KN5738,187507
2023/12/28,KN5955,114563
2023/12/28,KN5956,113886
2023/12/28,KN5957,17663
2023/12/28,KN5958,27565
2023/12/28,KN5977,84430
2023/12/28,KN5978,82855.64
2023/12/29,KN5737,168288
2023/12/29,KN5738,239381
2023/12/29,KN5955,198940
2023/12/29,KN5956,176813.6
2023/12/29,KN5957,35370
2023/12/29,KN5958,37470
2023/12/29,KN5977,83290
2023/12/29,KN5978,100533.4
2023/12/30,KN5737,229690
2023/12/30,KN5738,194710.31
2023/12/30,KN5955,107172.5
2023/12/30,KN5956,67646.34
2023/12/30,KN5957,7240
2023/12/30,KN5958,11405
2023/12/30,KN5977,82230
2023/12/30,KN5978,40265.23
2023/12/31,KN5737,113369
2023/12/31,KN5738,121213
2023/12/31,KN5955,70394
2023/12/31,KN5956,56827.2
2023/12/31,KN5957,10620
2023/12/31,KN5958,16890.4
2023/12/31,KN5977,66554
2023/12/31,KN5978,48034.09
