航班日期,实际销售额（sale_volume）
2023/1/1,81770
2023/1/1,63372
2023/1/2,72564
2023/1/2,120236
2023/1/3,64125
2023/1/3,36865
2023/1/3,98832
2023/1/3,91728
2023/1/4,73477
2023/1/4,94440
2023/1/4,45720
2023/1/4,59750
2023/1/4,81660
2023/1/5,56580
2023/1/5,82450
2023/1/5,52285
2023/1/5,94170
2023/1/6,93650
2023/1/6,62523
2023/1/6,78225
2023/1/6,33412.5
2023/1/7,64490
2023/1/7,98370
2023/1/7,48215
2023/1/7,57770
2023/1/8,111129
2023/1/8,41470
2023/1/8,78714
2023/1/8,82800
2023/1/9,75470
2023/1/9,71462
2023/1/9,77878
2023/1/9,72530
2023/1/9,47380
2023/1/10,93680
2023/1/10,97165
2023/1/10,48870
2023/1/10,109120
2023/1/11,103160
2023/1/11,109580
2023/1/11,53275
2023/1/11,73867.5
2023/1/12,103720
2023/1/12,49012
2023/1/12,83435
2023/1/12,49330
2023/1/12,92910
2023/1/13,54840
2023/1/13,95730
2023/1/13,87550
2023/1/13,50515
2023/1/13,75720
2023/1/13,76946
2023/1/14,68805
2023/1/14,49830
2023/1/14,102960
2023/1/14,82485
2023/1/15,114740
2023/1/15,64480
2023/1/15,43510
2023/1/15,92110
2023/1/15,63315
2023/1/15,45800
2023/1/16,47795
2023/1/16,85630
2023/1/16,92080
2023/1/16,54475
2023/1/16,81950
2023/1/16,43800
2023/1/17,89799
2023/1/17,66220
2023/1/17,77600
2023/1/18,114690
2023/1/18,50210
2023/1/18,127240
2023/1/18,65290
2023/1/18,92229
2023/1/18,57180
2023/1/19,98183.2
2023/1/19,81890
2023/1/19,52510
2023/1/19,62170
2023/1/20,63888
2023/1/20,39929
2023/1/20,53928
2023/1/20,90890
2023/1/20,82016
2023/1/20,76630
2023/1/21,38962
2023/1/21,69632
2023/1/22,84250
2023/1/22,110038
2023/1/23,54586
2023/1/23,71479
2023/1/24,51520
2023/1/24,77260
2023/1/25,111308
2023/1/25,51810
2023/1/25,70590
2023/1/26,82350
2023/1/26,64120
2023/1/26,78730
2023/1/27,126028
2023/1/27,68568
2023/1/27,95160
2023/1/27,75740
2023/1/27,88040
2023/1/27,81110
2023/1/28,122930
2023/1/28,62920
2023/1/28,82153
2023/1/29,91166
2023/1/29,70530
2023/1/29,78006
2023/1/29,113970
2023/1/30,73400
2023/1/30,110300
2023/1/30,56888
2023/1/30,86139
2023/1/31,69223
2023/1/31,59642
2023/1/31,103150
2023/2/1,95127
2023/2/1,71910
2023/2/1,80682.5
2023/2/1,77970
2023/2/1,62790
2023/2/1,105735
2023/2/2,99440
2023/2/2,71417
2023/2/2,74890
2023/2/2,75490
2023/2/2,78479
2023/2/2,79830
2023/2/3,80680
2023/2/3,70063.5
2023/2/3,86093
2023/2/3,67730
2023/2/3,101050
2023/2/3,101290
2023/2/4,62993
2023/2/4,96870
2023/2/4,101737
2023/2/4,126105.5
2023/2/4,53295
2023/2/4,121625
2023/2/5,69920
2023/2/5,48489
2023/2/5,79260
2023/2/5,86550
2023/2/5,93110
2023/2/5,101237
2023/2/6,155698
2023/2/6,161304
2023/2/6,171710
2023/2/6,116708.5
2023/2/6,94997
2023/2/6,97769
2023/2/7,96142
2023/2/7,106265
2023/2/7,113829
2023/2/7,83553
2023/2/7,108490
2023/2/7,123910
2023/2/8,127419
2023/2/8,126887
2023/2/8,102178
2023/2/8,119890
2023/2/9,162770
2023/2/9,81369.5
2023/2/9,91013
2023/2/9,157480
2023/2/9,125750.7
2023/2/9,121950
2023/2/10,161080
2023/2/10,191810
2023/2/10,207159
2023/2/10,124670.5
2023/2/10,191839
2023/2/10,96400.58
2023/2/11,133584
2023/2/11,70631.5
2023/2/11,101630
2023/2/11,161561
2023/2/11,209710
2023/2/11,93541
2023/2/12,200264
2023/2/12,87950.91
2023/2/12,137490
2023/2/12,117025
2023/2/12,118160.5
2023/2/12,161530
2023/2/13,159272
2023/2/13,137516
2023/2/13,100796.5
2023/2/13,123124
2023/2/13,215824
2023/2/13,81350
2023/2/14,87852.5
2023/2/14,144990
2023/2/14,133039
2023/2/14,77125
2023/2/14,169025
2023/2/14,115813
2023/2/15,136544
2023/2/15,173844.5
2023/2/15,127890
2023/2/15,122025
2023/2/15,102246
2023/2/15,239879
2023/2/16,99313
2023/2/16,125279.5
2023/2/16,128685
2023/2/16,80330
2023/2/16,138334
2023/2/16,197715
2023/2/17,181233
2023/2/17,205270
2023/2/17,90041
2023/2/17,148821
2023/2/17,160735
2023/2/17,148129.5
2023/2/18,86306
2023/2/18,108311
2023/2/18,78775
2023/2/18,154701.5
2023/2/18,205371
2023/2/18,97420
2023/2/19,137640
2023/2/19,91805
2023/2/19,200319
2023/2/19,91390.65
2023/2/19,95357
2023/2/19,121895
2023/2/20,220838
2023/2/20,147262
2023/2/20,203487
2023/2/20,66071
2023/2/20,120706
2023/2/21,95733
2023/2/21,61907
2023/2/21,101150
2023/2/21,175109
2023/2/21,83810
2023/2/21,119277.5
2023/2/22,148582
2023/2/22,109098.8
2023/2/22,244295
2023/2/22,86968
2023/2/22,121682
2023/2/22,100693
2023/2/23,127414.5
2023/2/23,89440
2023/2/23,96384
2023/2/23,125895
2023/2/23,174668
2023/2/23,171410
2023/2/24,105127
2023/2/24,101585
2023/2/24,142706.5
2023/2/24,199390
2023/2/24,194690
2023/2/24,184450
2023/2/25,201754
2023/2/25,112828
2023/2/25,93916.6
2023/2/25,91246
2023/2/25,77377
2023/2/25,120906.5
2023/2/26,66887.46
2023/2/26,86480
2023/2/26,63043
2023/2/26,103240
2023/2/26,202428
2023/2/26,144930
2023/2/27,90305.65
2023/2/27,126555
2023/2/27,75953
2023/2/27,124187
2023/2/27,96220
2023/2/27,213399
2023/2/28,167829
2023/2/28,97945
2023/2/28,107394
2023/2/28,131007
2023/3/1,82814
2023/3/1,120530
2023/3/1,181203.5
2023/3/1,141195
2023/3/1,160532
2023/3/1,145058
2023/3/2,212474
2023/3/2,90840
2023/3/2,158240
2023/3/2,169925
2023/3/2,169495
2023/3/3,273228
2023/3/3,111599
2023/3/3,115902
2023/3/3,186065
2023/3/3,225315
2023/3/3,66243.58
2023/3/4,114560
2023/3/4,106513
2023/3/4,60030
2023/3/4,179300
2023/3/4,69750
2023/3/4,89071
2023/3/5,156304
2023/3/5,91450
2023/3/5,67275.23
2023/3/5,95752
2023/3/5,110170
2023/3/5,92735
2023/3/6,93904
2023/3/6,85930
2023/3/6,125647
2023/3/6,182540
2023/3/6,161137
2023/3/6,177080
2023/3/7,71295
2023/3/7,89010
2023/3/7,172545
2023/3/7,135005
2023/3/7,120953
2023/3/7,78399
2023/3/8,98185
2023/3/8,123252.95
2023/3/8,175260
2023/3/8,191445
2023/3/8,81003
2023/3/8,224887
2023/3/9,90265
2023/3/9,91915
2023/3/9,215810
2023/3/9,127230
2023/3/9,189726
2023/3/9,89451.25
2023/3/10,89688.95
2023/3/10,213350
2023/3/10,234880
2023/3/10,186555
2023/3/10,101890
2023/3/10,103165
2023/3/11,184525
2023/3/11,151640
2023/3/11,121153
2023/3/11,89853.51
2023/3/11,126280
2023/3/11,62825
2023/3/12,203400
2023/3/12,229130
2023/3/12,96300
2023/3/12,83843
2023/3/12,186275
2023/3/12,66416
2023/3/13,82565
2023/3/13,116106.67
2023/3/13,167609
2023/3/13,226430
2023/3/13,166945
2023/3/13,183355
2023/3/14,104516
2023/3/14,90385
2023/3/14,182825
2023/3/14,167143
2023/3/14,215087
2023/3/14,133605
2023/3/15,238543
2023/3/15,127353.4
2023/3/15,219030
2023/3/15,140860
2023/3/15,183410
2023/3/15,88030
2023/3/16,144952
2023/3/16,97042.5
2023/3/16,95000
2023/3/16,220603
2023/3/16,209710
2023/3/16,209795
2023/3/17,128230
2023/3/17,211269
2023/3/17,150792
2023/3/17,111603.5
2023/3/17,324365
2023/3/17,287880
2023/3/18,159628
2023/3/18,77395
2023/3/18,106868.4
2023/3/18,136615
2023/3/18,181759
2023/3/18,188335
2023/3/19,225145
2023/3/19,229126
2023/3/19,87000
2023/3/19,202679
2023/3/19,162621
2023/3/20,202533
2023/3/20,163326
2023/3/20,215223
2023/3/20,58782
2023/3/20,183440.76
2023/3/20,158496
2023/3/21,164428
2023/3/21,193781
2023/3/21,183439
2023/3/21,78256
2023/3/21,116857
2023/3/21,88182.5
2023/3/22,61998
2023/3/22,236961
2023/3/22,139004
2023/3/22,156671
2023/3/22,89690
2023/3/22,201340
2023/3/23,79687
2023/3/23,219398
2023/3/23,220261
2023/3/23,91665
2023/3/23,140649
2023/3/23,197427
2023/3/24,196944
2023/3/24,327700
2023/3/24,146320
2023/3/24,196065
2023/3/24,149407
2023/3/24,95425.19
2023/3/25,99197.97
2023/3/25,158558
2023/3/25,191351
2023/3/25,95426
2023/3/25,71886
2023/3/25,160587
2023/3/26,159180
2023/3/26,78808
2023/3/26,145030
2023/3/26,141715
2023/3/26,114455
2023/3/26,80469
2023/3/27,81607
2023/3/27,108801.51
2023/3/27,168606
2023/3/27,163899
2023/3/27,198804
2023/3/27,201596
2023/3/28,190266
2023/3/28,81658
2023/3/28,175341
2023/3/28,92213
2023/3/28,171756
2023/3/28,192137
2023/3/29,97069
2023/3/29,145514
2023/3/29,206239
2023/3/29,110641.05
2023/3/29,221498
2023/3/29,174719
2023/3/30,206696
2023/3/30,190512
2023/3/30,134575
2023/3/30,98620
2023/3/30,87595
2023/3/30,92901
2023/3/31,165250
2023/3/31,170450
2023/3/31,162280
2023/3/31,0
2023/3/31,101046.57
2023/3/31,147058
2023/3/31,216685
2023/4/1,58060
2023/4/1,223183
2023/4/1,92527.5
2023/4/1,98400
2023/4/1,98597
2023/4/1,173040
2023/4/2,88908
2023/4/2,160940
2023/4/2,87035
2023/4/2,86604.84
2023/4/2,141870
2023/4/2,215002
2023/4/3,120540
2023/4/3,94659.92
2023/4/3,145392
2023/4/3,107782
2023/4/3,77733
2023/4/3,181251
2023/4/4,150672
2023/4/4,103682
2023/4/4,64654.5
2023/4/4,121012
2023/4/4,96630
2023/4/4,108037
2023/4/5,213515
2023/4/5,103409.52
2023/4/5,175457
2023/4/5,141980
2023/4/5,79870
2023/4/5,155047
2023/4/6,237087
2023/4/6,97131
2023/4/6,162147
2023/4/6,181210
2023/4/6,113545
2023/4/6,160523
2023/4/7,138421
2023/4/7,146722
2023/4/7,190128
2023/4/7,263378
2023/4/7,238040
2023/4/7,80115
2023/4/8,109934.7
2023/4/8,195427
2023/4/8,146086
2023/4/8,156681
2023/4/8,83266
2023/4/8,195114
2023/4/9,295870
2023/4/9,110650
2023/4/9,245196
2023/4/9,240305
2023/4/9,136810
2023/4/9,148358
2023/4/10,175414
2023/4/10,187668
2023/4/10,247657
2023/4/10,73222
2023/4/10,130068.9
2023/4/10,156594
2023/4/11,162610
2023/4/11,169654
2023/4/11,243686
2023/4/11,100157
2023/4/11,198392
2023/4/12,158736
2023/4/12,176753
2023/4/12,103962
2023/4/12,131872
2023/4/12,224827
2023/4/12,220344
2023/4/13,160858
2023/4/13,107192.92
2023/4/13,117307
2023/4/13,233515
2023/4/14,166930
2023/4/14,105709.5
2023/4/14,179323
2023/4/14,238003
2023/4/14,165769
2023/4/14,190035
2023/4/15,96011
2023/4/15,173772
2023/4/15,113295.5
2023/4/15,121065
2023/4/15,214386
2023/4/15,113536.92
2023/4/16,246457
2023/4/16,229774
2023/4/16,156647
2023/4/16,97737.5
2023/4/17,194424
2023/4/17,129102
2023/4/17,85330
2023/4/17,219314
2023/4/17,228272
2023/4/17,115217
2023/4/18,221394
2023/4/18,154577
2023/4/18,144370
2023/4/18,113787
2023/4/18,188969
2023/4/18,85132.5
2023/4/19,123491.65
2023/4/19,210564
2023/4/19,195195
2023/4/19,169986
2023/4/19,81434
2023/4/19,277729
2023/4/20,78328
2023/4/20,201872
2023/4/20,157045
2023/4/20,90080
2023/4/20,211583
2023/4/20,233888
2023/4/21,141489
2023/4/21,129755
2023/4/21,252353
2023/4/21,102326
2023/4/21,241883
2023/4/21,251419
2023/4/22,137868
2023/4/22,167084
2023/4/22,198618
2023/4/22,168229
2023/4/22,72929
2023/4/22,68442
2023/4/23,151664
2023/4/23,150353
2023/4/23,228289
2023/4/23,80538
2023/4/23,89616
2023/4/23,188491
2023/4/24,81330
2023/4/24,234088
2023/4/24,144035
2023/4/24,150629
2023/4/24,97758
2023/4/24,190903
2023/4/25,78055
2023/4/25,90699
2023/4/25,169710
2023/4/25,134924
2023/4/25,199450
2023/4/25,206783
2023/4/26,212748
2023/4/26,248409
2023/4/26,110079
2023/4/26,108490
2023/4/26,230958
2023/4/26,158538
2023/4/27,289919
2023/4/27,285948
2023/4/27,169136
2023/4/27,279539
2023/4/27,131769.5
2023/4/27,146013
2023/4/28,481908
2023/4/28,202880
2023/4/28,228530
2023/4/28,422290
2023/4/28,385359
2023/4/28,227770
2023/4/29,158408
2023/4/29,259925
2023/4/29,431940
2023/4/29,215368
2023/4/29,433930
2023/4/29,307014
2023/4/30,205743
2023/4/30,109621
2023/4/30,234373
2023/4/30,154687.8
2023/4/30,196731
2023/4/30,191108
2023/5/1,195588
2023/5/1,153155
2023/5/1,155364
2023/5/1,103691.5
2023/5/1,182705
2023/5/1,87127
2023/5/2,108949
2023/5/2,312829
2023/5/2,244389
2023/5/2,119903
2023/5/2,227963
2023/5/2,138950
2023/5/3,368470
2023/5/3,182633
2023/5/3,245878.45
2023/5/3,283103
2023/5/3,135595
2023/5/3,374129
2023/5/4,159686
2023/5/4,164260
2023/5/4,94904
2023/5/4,264081
2023/5/4,200484
2023/5/4,139943
2023/5/5,113938
2023/5/5,200147
2023/5/5,122203
2023/5/5,92892
2023/5/5,78633
2023/5/5,110896
2023/5/6,164862
2023/5/6,107414
2023/5/6,79873.56
2023/5/6,184502
2023/5/6,104830
2023/5/6,93017
2023/5/7,145824
2023/5/7,89164.96
2023/5/7,94999
2023/5/7,217767
2023/5/7,153134
2023/5/7,160800
2023/5/8,85775
2023/5/8,147119
2023/5/8,176594
2023/5/8,158586
2023/5/8,96291.34
2023/5/8,223188
2023/5/9,148160
2023/5/9,188028
2023/5/9,93415
2023/5/9,157631
2023/5/9,102163
2023/5/9,160274
2023/5/10,96861
2023/5/10,239006
2023/5/10,194154
2023/5/10,222269
2023/5/10,109229
2023/5/10,147965
2023/5/11,98410
2023/5/11,239784
2023/5/11,195788
2023/5/11,200466
2023/5/11,117867.92
2023/5/11,156205
2023/5/12,245510
2023/5/12,167677
2023/5/12,223022
2023/5/12,135360
2023/5/12,103600.69
2023/5/12,329385
2023/5/13,155318
2023/5/13,100691
2023/5/13,68632.21
2023/5/13,175412
2023/5/13,215189
2023/5/13,209614
2023/5/14,98952
2023/5/14,232100
2023/5/14,148860
2023/5/14,262174
2023/5/14,87742
2023/5/14,196954
2023/5/15,164138
2023/5/15,122195
2023/5/15,171198
2023/5/15,88895
2023/5/15,227714
2023/5/15,204105
2023/5/16,150005
2023/5/16,204959
2023/5/16,100565
2023/5/16,192953
2023/5/16,206223
2023/5/16,106999
2023/5/17,162746
2023/5/17,112880
2023/5/17,234213
2023/5/17,220685
2023/5/17,107186
2023/5/17,155954
2023/5/18,204302.4
2023/5/18,108424
2023/5/18,229625
2023/5/18,217174
2023/5/18,123159.26
2023/5/18,157435
2023/5/19,206168
2023/5/19,142863
2023/5/19,98919
2023/5/19,263795
2023/5/19,282354
2023/5/19,141983
2023/5/20,222494
2023/5/20,175417
2023/5/20,75145
2023/5/20,150630
2023/5/20,111270.69
2023/5/20,143408
2023/5/21,229007
2023/5/21,124629
2023/5/21,202383
2023/5/21,199088
2023/5/21,96367
2023/5/22,199768
2023/5/22,188086
2023/5/22,179741
2023/5/22,98397
2023/5/22,114442.92
2023/5/22,162960
2023/5/23,145446
2023/5/23,82799.56
2023/5/23,80596
2023/5/23,132530
2023/5/23,205531
2023/5/23,199987
2023/5/24,123095
2023/5/24,161332
2023/5/24,197533
2023/5/24,188410
2023/5/24,77466
2023/5/24,105850
2023/5/25,172699
2023/5/25,207189
2023/5/25,192630
2023/5/25,130390
2023/5/25,69087
2023/5/25,119015.38
2023/5/26,121413.3
2023/5/26,186950
2023/5/26,267839
2023/5/26,100579
2023/5/26,245670
2023/5/26,101295
2023/5/27,131770
2023/5/27,85907
2023/5/27,217865
2023/5/27,163746
2023/5/27,126295
2023/5/27,66439
2023/5/28,85787.57
2023/5/28,189494
2023/5/28,103283
2023/5/28,239528
2023/5/28,208207
2023/5/28,66269
2023/5/29,68460
2023/5/29,96795
2023/5/29,174323
2023/5/29,179226
2023/5/29,81102.5
2023/5/29,77851
2023/5/30,110009
2023/5/30,180088
2023/5/30,91802
2023/5/30,99772.6
2023/5/30,168321
2023/5/30,204412
2023/5/31,62689
2023/5/31,58382
2023/5/31,151780
2023/5/31,127938
2023/5/31,194230
2023/5/31,193179.25
2023/6/1,119713
2023/6/1,205620
2023/6/1,174311
2023/6/1,80990
2023/6/1,86733.89
2023/6/1,215108
2023/6/2,120304
2023/6/2,101808.67
2023/6/2,226369
2023/6/2,253087
2023/6/2,74419
2023/6/2,169586
2023/6/3,117854
2023/6/3,66109.96
2023/6/3,79000
2023/6/3,155916
2023/6/3,108878
2023/6/3,133613
2023/6/4,117881
2023/6/4,70707
2023/6/4,90440.9
2023/6/4,167519
2023/6/4,256437
2023/6/4,94644
2023/6/5,199574
2023/6/5,157469
2023/6/5,153519
2023/6/5,70636
2023/6/5,199253
2023/6/5,72222
2023/6/6,193368
2023/6/6,129678
2023/6/6,88030
2023/6/6,176895
2023/6/6,147919
2023/6/6,200362
2023/6/7,159694.9
2023/6/7,128726
2023/6/7,51005
2023/6/7,100076
2023/6/7,210170
2023/6/7,173448
2023/6/8,94862
2023/6/8,82159.75
2023/6/8,170496
2023/6/8,188429
2023/6/8,130822
2023/6/8,208933
2023/6/9,144319
2023/6/9,218645
2023/6/9,137191
2023/6/9,108325.5
2023/6/9,195767
2023/6/9,220114
2023/6/10,173373
2023/6/10,130154
2023/6/10,103904
2023/6/10,155808
2023/6/10,132481
2023/6/10,156499
2023/6/11,75481
2023/6/11,152602.69
2023/6/11,135504
2023/6/11,185733
2023/6/11,73398
2023/6/11,203595
2023/6/12,144786
2023/6/12,189637
2023/6/12,83560.69
2023/6/12,219572
2023/6/12,91689
2023/6/12,250387
2023/6/13,196453
2023/6/13,168556
2023/6/13,238476
2023/6/13,100158
2023/6/13,103200
2023/6/13,155626
2023/6/14,143205
2023/6/14,268197
2023/6/14,180709
2023/6/14,96216
2023/6/14,91979
2023/6/15,249603
2023/6/15,161520
2023/6/15,228837
2023/6/15,94474
2023/6/15,129278.7
2023/6/15,190462
2023/6/16,92857
2023/6/16,284828
2023/6/16,172451
2023/6/16,321290
2023/6/16,241436
2023/6/16,143971
2023/6/17,272220
2023/6/17,95252
2023/6/17,158376
2023/6/17,122321.02
2023/6/17,198283
2023/6/18,94061
2023/6/18,105964
2023/6/18,178106
2023/6/18,241842
2023/6/19,105930
2023/6/19,227152
2023/6/19,224051
2023/6/19,180813.6
2023/6/19,117716
2023/6/20,250396
2023/6/20,114190
2023/6/20,199264
2023/6/20,114212.69
2023/6/20,161018
2023/6/21,160364
2023/6/21,174010
2023/6/21,321448
2023/6/21,419696
2023/6/21,176524.4
2023/6/21,107417
2023/6/22,91270
2023/6/22,188167
2023/6/22,194150
2023/6/22,181463
2023/6/22,356950
2023/6/23,141810
2023/6/23,160970
2023/6/23,120922
2023/6/23,101880.67
2023/6/23,83035
2023/6/23,180066
2023/6/24,130175
2023/6/24,130679
2023/6/24,132004.5
2023/6/24,222395
2023/6/24,245351.7
2023/6/24,267329
2023/6/25,227430
2023/6/25,146374
2023/6/25,133500
2023/6/25,287813
2023/6/25,178158
2023/6/26,269100
2023/6/26,254844
2023/6/26,214262
2023/6/26,123724
2023/6/26,130144
2023/6/26,175789
2023/6/27,208158
2023/6/27,130740
2023/6/27,268710
2023/6/27,199760
2023/6/27,128136
2023/6/27,265517
2023/6/28,230759
2023/6/28,131509.33
2023/6/28,189578
2023/6/28,291553
2023/6/28,292579
2023/6/28,146337
2023/6/29,303538
2023/6/29,153678
2023/6/29,295237
2023/6/29,147826.34
2023/6/29,292417
2023/6/29,221746
2023/6/30,271807
2023/6/30,268139
2023/6/30,189779
2023/6/30,155233
2023/6/30,433417
2023/6/30,134373
2023/7/1,182150
2023/7/1,131080
2023/7/1,173289
2023/7/1,181308
2023/7/1,105669
2023/7/1,409082
2023/7/1,150146
2023/7/1,203448
2023/7/2,158950
2023/7/2,157224
2023/7/2,157070
2023/7/2,188940
2023/7/2,334677
2023/7/2,103480
2023/7/2,160185
2023/7/2,174525
2023/7/3,154018
2023/7/3,222232
2023/7/3,174426.9
2023/7/3,336300
2023/7/3,125272
2023/7/3,175098
2023/7/3,175289
2023/7/3,152333
2023/7/4,165270
2023/7/4,193271
2023/7/4,322965
2023/7/4,115885
2023/7/4,154328
2023/7/4,162468
2023/7/4,149009
2023/7/4,119072.9
2023/7/5,158353
2023/7/5,206047
2023/7/5,167760
2023/7/5,150287
2023/7/5,192957
2023/7/5,138728
2023/7/5,173568
2023/7/5,145260
2023/7/6,148388
2023/7/6,223660
2023/7/6,163729
2023/7/6,157747
2023/7/6,154982.51
2023/7/6,180819
2023/7/6,308769
2023/7/7,235179.2
2023/7/7,202453
2023/7/7,287605
2023/7/7,183490
2023/7/7,183531
2023/7/7,173398.75
2023/7/7,211188
2023/7/7,184150
2023/7/8,215904
2023/7/8,181286
2023/7/8,147365
2023/7/8,135160
2023/7/8,306420
2023/7/8,148769
2023/7/8,158117
2023/7/8,131507
2023/7/9,177430
2023/7/9,224348
2023/7/9,149339
2023/7/9,145308
2023/7/9,207240
2023/7/9,149650
2023/7/9,300846
2023/7/10,163938
2023/7/10,92816
2023/7/10,139178
2023/7/10,241860
2023/7/10,139917.2
2023/7/10,222037
2023/7/10,77478
2023/7/11,144000
2023/7/11,120677
2023/7/11,114978
2023/7/11,159798
2023/7/11,151300
2023/7/11,117240
2023/7/11,120921
2023/7/11,149959
2023/7/12,119932
2023/7/12,104616
2023/7/12,123399
2023/7/12,128430
2023/7/12,201917
2023/7/12,266296
2023/7/12,160848
2023/7/12,140098
2023/7/13,126219
2023/7/13,142459
2023/7/13,110610.2
2023/7/13,136344
2023/7/13,207434
2023/7/13,249697
2023/7/13,163428
2023/7/13,136010
2023/7/14,166960
2023/7/14,209050
2023/7/14,192830
2023/7/14,190817
2023/7/14,254156
2023/7/14,182249
2023/7/14,121337
2023/7/14,160520
2023/7/15,123619.5
2023/7/15,86397
2023/7/15,130446
2023/7/15,111255
2023/7/15,195229
2023/7/15,91119
2023/7/15,110671
2023/7/15,248130
2023/7/16,130270
2023/7/16,155383
2023/7/16,173374
2023/7/16,109893
2023/7/16,149969
2023/7/16,79231.3
2023/7/16,148064
2023/7/16,232610
2023/7/17,94528
2023/7/17,113887
2023/7/17,119245.5
2023/7/17,125904
2023/7/17,250340
2023/7/17,85924
2023/7/17,141189
2023/7/17,198389
2023/7/18,120800
2023/7/18,108449
2023/7/18,114399
2023/7/18,165498
2023/7/18,122577
2023/7/18,102353
2023/7/18,226565
2023/7/18,142763
2023/7/19,228372
2023/7/19,210618
2023/7/19,124044
2023/7/19,105015
2023/7/19,119096
2023/7/19,112248
2023/7/19,102965
2023/7/19,162291
2023/7/20,128547
2023/7/20,97841
2023/7/20,130192
2023/7/20,128334
2023/7/20,202238
2023/7/20,106774
2023/7/20,156556
2023/7/20,215040
2023/7/21,190552
2023/7/21,159670
2023/7/21,75186
2023/7/21,237063
2023/7/21,118867.1
2023/7/21,206614
2023/7/21,149855
2023/7/21,174369
2023/7/22,100562
2023/7/22,94996.9
2023/7/22,203814
2023/7/22,98617
2023/7/22,100195
2023/7/22,94762
2023/7/22,63768
2023/7/22,229680
2023/7/23,155809
2023/7/23,165343
2023/7/23,222116
2023/7/23,113737
2023/7/23,138810
2023/7/23,131470
2023/7/23,160985
2023/7/23,99078
2023/7/24,237374
2023/7/24,131067
2023/7/24,123804
2023/7/24,197874
2023/7/24,108277
2023/7/24,152810
2023/7/24,105762
2023/7/24,102219.98
2023/7/25,151080
2023/7/25,103443
2023/7/25,129833
2023/7/25,106930.75
2023/7/25,221654
2023/7/25,189015
2023/7/25,121323
2023/7/25,113235
2023/7/26,97293
2023/7/26,225007
2023/7/26,157575
2023/7/26,139196.5
2023/7/26,112352.4
2023/7/26,119675
2023/7/26,201540
2023/7/26,114278
2023/7/27,199537
2023/7/27,182350
2023/7/27,116138
2023/7/27,105577
2023/7/27,231797
2023/7/27,104846
2023/7/27,105637
2023/7/27,238106
2023/7/28,178083
2023/7/28,141700
2023/7/28,256525
2023/7/28,119152.75
2023/7/28,155700
2023/7/28,267992
2023/7/28,241403
2023/7/28,131925
2023/7/29,120482
2023/7/29,247831
2023/7/29,193803
2023/7/29,116702.85
2023/7/29,118887
2023/7/29,163154
2023/7/29,228588
2023/7/29,89149
2023/7/30,133684
2023/7/30,194027
2023/7/30,131899.67
2023/7/30,142440
2023/7/30,101368.73
2023/7/30,257783
2023/7/30,211805
2023/7/30,136300
2023/7/31,206345
2023/7/31,121795.5
2023/7/31,101300
2023/7/31,33175
2023/7/31,174036
2023/7/31,8150
2023/8/1,101295
2023/8/1,100900.5
2023/8/1,238008
2023/8/1,170380
2023/8/1,180995
2023/8/1,208490
2023/8/1,125764
2023/8/2,76774
2023/8/2,213039
2023/8/2,105497
2023/8/2,101677.55
2023/8/2,96118
2023/8/2,207874
2023/8/2,134684
2023/8/2,135489
2023/8/3,118928
2023/8/3,218163
2023/8/3,212847
2023/8/3,93290.55
2023/8/3,107419
2023/8/3,168404.5
2023/8/3,196046
2023/8/3,88027
2023/8/4,185147.75
2023/8/4,203817
2023/8/4,220352
2023/8/4,109367
2023/8/4,112376.5
2023/8/4,97515
2023/8/4,153229
2023/8/4,237103
2023/8/5,105037
2023/8/5,179291
2023/8/5,116626
2023/8/5,117199
2023/8/5,226047
2023/8/5,96589
2023/8/5,134158
2023/8/5,198726
2023/8/6,137353
2023/8/6,142786
2023/8/6,271433
2023/8/6,259257.67
2023/8/6,137758
2023/8/6,121925
2023/8/6,273681
2023/8/6,145282
2023/8/7,230485
2023/8/7,98440
2023/8/7,241566
2023/8/7,215380
2023/8/7,150359
2023/8/7,137336.8
2023/8/7,248912
2023/8/7,142327
2023/8/8,248209
2023/8/8,231385
2023/8/8,139076
2023/8/8,110877.38
2023/8/8,224854
2023/8/8,197235
2023/8/8,105778
2023/8/8,106075
2023/8/9,109396
2023/8/9,114026.75
2023/8/9,245809
2023/8/9,177389
2023/8/9,106525
2023/8/9,263817
2023/8/9,198718.75
2023/8/9,106758
2023/8/10,241554
2023/8/10,123239.5
2023/8/10,186493
2023/8/10,217305
2023/8/10,138967
2023/8/10,264550
2023/8/10,123599.34
2023/8/10,129455
2023/8/11,274563
2023/8/11,124368
2023/8/11,187813
2023/8/11,189036
2023/8/11,147418
2023/8/11,151650
2023/8/11,219739
2023/8/12,179247
2023/8/12,127617
2023/8/12,151955
2023/8/12,91069
2023/8/12,241450
2023/8/12,136467
2023/8/12,141564.09
2023/8/12,136418
2023/8/13,136160
2023/8/13,252526.76
2023/8/13,173120
2023/8/13,148220
2023/8/13,123010
2023/8/13,135581.25
2023/8/13,170692.25
2023/8/13,164791.7
2023/8/14,208387
2023/8/14,246445
2023/8/14,128166
2023/8/14,135098
2023/8/14,270535
2023/8/14,130557.43
2023/8/14,97372
2023/8/15,212225
2023/8/15,235426
2023/8/15,116775
2023/8/15,179866
2023/8/15,127628
2023/8/15,123205
2023/8/15,248669
2023/8/15,124352.13
2023/8/16,274896
2023/8/16,268740
2023/8/16,120680
2023/8/16,144265
2023/8/16,138149
2023/8/16,230370
2023/8/16,142615.67
2023/8/16,194775
2023/8/17,147425
2023/8/17,151726
2023/8/17,185325
2023/8/17,272218
2023/8/17,297855
2023/8/17,115297
2023/8/17,252918
2023/8/17,123290.5
2023/8/18,294460
2023/8/18,141760
2023/8/18,167155
2023/8/18,236813.72
2023/8/18,184168
2023/8/18,123569
2023/8/18,190500
2023/8/18,250178
2023/8/19,106038.5
2023/8/19,122785
2023/8/19,211817
2023/8/19,260968
2023/8/19,192253
2023/8/19,203425
2023/8/19,121093.28
2023/8/19,126019
2023/8/20,274716
2023/8/20,197902
2023/8/20,143850
2023/8/20,322685
2023/8/20,302160
2023/8/20,150780
2023/8/20,158668
2023/8/20,138991.5
2023/8/21,97860
2023/8/21,206145
2023/8/21,126977
2023/8/21,123966
2023/8/21,147380.4
2023/8/21,203825
2023/8/21,289628
2023/8/21,216570
2023/8/22,108987
2023/8/22,108757.6
2023/8/22,228042
2023/8/22,113328
2023/8/22,200414
2023/8/22,118020
2023/8/22,167609
2023/8/22,224586
2023/8/23,90404
2023/8/23,167077
2023/8/23,203447
2023/8/23,139899
2023/8/23,134902.9
2023/8/23,248628
2023/8/23,235284
2023/8/23,118710
2023/8/24,222145
2023/8/24,164223
2023/8/24,106281
2023/8/24,126007
2023/8/24,125241
2023/8/24,227947
2023/8/24,219848
2023/8/24,111994
2023/8/25,181786
2023/8/25,241095
2023/8/25,276612.67
2023/8/25,133857.07
2023/8/25,130194
2023/8/25,163484.22
2023/8/25,259165
2023/8/25,110500
2023/8/26,101066
2023/8/26,175518.4
2023/8/26,84606
2023/8/26,222731
2023/8/26,176703
2023/8/26,127775.7
2023/8/26,168431
2023/8/26,80168
2023/8/27,131067
2023/8/27,226811.9
2023/8/27,71271
2023/8/27,98947
2023/8/27,162483
2023/8/27,147971
2023/8/27,190653
2023/8/27,243828
2023/8/28,54597
2023/8/28,115725
2023/8/28,89095
2023/8/28,209777
2023/8/28,187963
2023/8/28,109781.9
2023/8/28,242456
2023/8/28,155054
2023/8/29,180990
2023/8/29,90296.49
2023/8/29,162187
2023/8/29,94145.6
2023/8/29,127393
2023/8/29,105688
2023/8/29,98247
2023/8/29,173935
2023/8/30,77360.93
2023/8/30,76913
2023/8/30,119815
2023/8/30,101805
2023/8/30,134008
2023/8/30,250882.53
2023/8/30,161819
2023/8/30,184216
2023/8/31,134785
2023/8/31,175094
2023/8/31,93538
2023/8/31,125105
2023/8/31,100086
2023/8/31,172925
2023/8/31,210221.9
2023/9/1,208275
2023/9/1,107130
2023/9/1,114068
2023/9/1,225504
2023/9/1,102239
2023/9/1,200259.34
2023/9/1,152006
2023/9/2,84171.52
2023/9/2,136632
2023/9/2,148630
2023/9/2,194689
2023/9/2,175241
2023/9/2,82441
2023/9/2,51600
2023/9/2,90045
2023/9/3,211130
2023/9/3,77538
2023/9/3,180418
2023/9/3,110017
2023/9/3,75624
2023/9/3,94554.8
2023/9/3,109280
2023/9/3,84953
2023/9/4,108827
2023/9/4,173586
2023/9/4,161717
2023/9/4,92849.17
2023/9/4,169544
2023/9/4,69169
2023/9/4,99737
2023/9/4,166078
2023/9/5,88590
2023/9/5,109544
2023/9/5,157629
2023/9/5,205195
2023/9/5,179317
2023/9/5,86480
2023/9/5,201775
2023/9/5,114940
2023/9/6,152050
2023/9/6,97306.4
2023/9/6,95620
2023/9/6,199588
2023/9/6,166933.75
2023/9/6,121098
2023/9/6,258570
2023/9/6,128829
2023/9/7,119020
2023/9/7,167045
2023/9/7,207688
2023/9/7,112135
2023/9/7,96229
2023/9/7,117790
2023/9/7,228579
2023/9/7,199817
2023/9/8,98980
2023/9/8,160086
2023/9/8,116506
2023/9/8,143858
2023/9/8,156434
2023/9/8,203314
2023/9/8,290219
2023/9/8,297511
2023/9/9,101047
2023/9/9,147350
2023/9/9,78208
2023/9/9,168984
2023/9/9,88855.4
2023/9/9,153566
2023/9/9,195639
2023/9/9,77448
2023/9/10,127015
2023/9/10,66467
2023/9/10,109120
2023/9/10,248702
2023/9/10,102643
2023/9/10,200436
2023/9/10,116735
2023/9/10,154246
2023/9/11,202947
2023/9/11,222974
2023/9/11,103596
2023/9/11,85047
2023/9/11,125328
2023/9/11,81350
2023/9/11,193475
2023/9/11,155196
2023/9/12,206817.4
2023/9/12,87439
2023/9/12,197279
2023/9/12,89743.81
2023/9/12,172532
2023/9/12,81040
2023/9/12,174050
2023/9/13,153432.75
2023/9/13,202655
2023/9/13,151628
2023/9/13,122219
2023/9/13,240048
2023/9/13,90014.18
2023/9/13,112889
2023/9/13,82040
2023/9/14,115489
2023/9/14,195149
2023/9/14,198639
2023/9/14,103229
2023/9/14,99639
2023/9/14,133296
2023/9/14,199217
2023/9/14,90269.55
2023/9/15,149384
2023/9/15,108875
2023/9/15,127052
2023/9/15,306773
2023/9/15,210047
2023/9/15,297372
2023/9/15,146390
2023/9/15,176164
2023/9/16,97945
2023/9/16,69943
2023/9/16,149019
2023/9/16,151132
2023/9/16,71755
2023/9/16,91115.8
2023/9/16,183776
2023/9/16,178286
2023/9/17,134267
2023/9/17,185778
2023/9/17,144268
2023/9/17,87634.54
2023/9/17,113321
2023/9/17,104612
2023/9/17,135684.11
2023/9/17,165855
2023/9/18,129088
2023/9/18,117585
2023/9/18,157409
2023/9/18,94816
2023/9/18,244993.4
2023/9/18,69369
2023/9/19,116810
2023/9/19,98676
2023/9/19,103065
2023/9/19,97665.8
2023/9/19,228548
2023/9/19,181108
2023/9/19,120338
2023/9/20,171309
2023/9/20,183998.51
2023/9/20,270424
2023/9/20,124478
2023/9/20,179538
2023/9/20,86293
2023/9/20,106533
2023/9/20,134709
2023/9/21,250927.4
2023/9/21,145266
2023/9/21,128348
2023/9/21,100078
2023/9/21,112848.85
2023/9/21,224504
2023/9/21,211350
2023/9/21,156700
2023/9/22,362996
2023/9/22,372974
2023/9/22,295557
2023/9/22,116523.25
2023/9/22,163866
2023/9/22,212534
2023/9/22,141900
2023/9/22,158370
2023/9/23,90509
2023/9/23,85121.5
2023/9/23,249928
2023/9/23,121770.74
2023/9/23,143934
2023/9/23,97641
2023/9/23,178429
2023/9/23,167460
2023/9/24,136873
2023/9/24,130677
2023/9/24,118351
2023/9/24,128370
2023/9/24,98731.38
2023/9/24,198622
2023/9/24,175252
2023/9/24,284275
2023/9/25,178895
2023/9/25,97100
2023/9/25,101698
2023/9/25,89390
2023/9/25,92866.12
2023/9/25,190646
2023/9/25,255415
2023/9/25,206068
2023/9/26,100419
2023/9/26,134580
2023/9/26,192895
2023/9/26,120038
2023/9/26,128479
2023/9/26,75974.05
2023/9/26,171046
2023/9/27,246804
2023/9/27,149448
2023/9/27,210660
2023/9/27,115638.62
2023/9/27,240831
2023/9/27,128791
2023/9/28,159776
2023/9/28,417035
2023/9/28,246740
2023/9/28,387634
2023/9/29,94261
2023/9/29,142160
2023/9/29,176540
2023/9/29,313191.91
2023/9/29,233200
2023/9/29,249025
2023/9/30,132983.6
2023/9/30,133970
2023/9/30,147880
2023/9/30,223875.67
2023/9/30,158950
2023/9/30,191481.33
2023/9/30,114400
2023/9/30,127930
2023/10/1,107182
2023/10/1,179381
2023/10/1,134220
2023/10/1,184598
2023/10/1,215817
2023/10/1,95759.63
2023/10/1,87387
2023/10/1,86167.5
2023/10/2,157874
2023/10/2,89677
2023/10/2,139399
2023/10/2,94485.71
2023/10/2,170421
2023/10/2,141398
2023/10/2,90965.5
2023/10/3,116501
2023/10/3,132799
2023/10/3,78442.28
2023/10/3,88875
2023/10/3,147203
2023/10/3,217332
2023/10/3,152538
2023/10/3,179815
2023/10/4,183669
2023/10/4,224280
2023/10/4,105480
2023/10/4,116375
2023/10/4,188560
2023/10/4,145853
2023/10/4,78244.19
2023/10/4,120770
2023/10/5,141868
2023/10/5,189710
2023/10/5,118639.35
2023/10/5,145000
2023/10/5,133115
2023/10/5,260365
2023/10/5,236174.76
2023/10/5,241360
2023/10/6,233899
2023/10/6,133090
2023/10/6,179065
2023/10/6,195460
2023/10/6,163203.87
2023/10/6,134250
2023/10/6,123750
2023/10/6,221790
2023/10/7,108369
2023/10/7,131805
2023/10/7,106348.8
2023/10/7,176277
2023/10/7,152185
2023/10/7,153826.5
2023/10/7,102395
2023/10/7,139362
2023/10/8,228910.68
2023/10/8,89104
2023/10/8,83379
2023/10/8,119887
2023/10/8,87014
2023/10/8,109407
2023/10/8,132634
2023/10/9,91269
2023/10/9,72640
2023/10/9,93379
2023/10/9,82619
2023/10/9,71029
2023/10/9,168385
2023/10/9,129324
2023/10/9,121623.55
2023/10/10,186478
2023/10/10,131740
2023/10/10,78540
2023/10/10,89170
2023/10/10,94452
2023/10/10,161497
2023/10/10,84472.78
2023/10/10,115772
2023/10/11,110350
2023/10/11,203155
2023/10/11,85475
2023/10/11,140850
2023/10/11,187549
2023/10/11,143379
2023/10/11,95529
2023/10/11,91267.5
2023/10/12,147349
2023/10/12,94990
2023/10/12,101817
2023/10/12,204299
2023/10/12,197939
2023/10/12,152907
2023/10/12,84047.7
2023/10/12,93729
2023/10/13,146550
2023/10/13,267805
2023/10/13,150787
2023/10/13,82444.8
2023/10/13,142610
2023/10/13,257943
2023/10/13,144200
2023/10/13,195102
2023/10/14,95890
2023/10/14,86616.5
2023/10/14,173434
2023/10/14,108284
2023/10/14,116223
2023/10/14,139576
2023/10/14,104807
2023/10/14,94313
2023/10/15,90628.06
2023/10/15,110520
2023/10/15,80263
2023/10/15,168610
2023/10/15,248110
2023/10/15,124518
2023/10/15,222989
2023/10/15,156710
2023/10/16,43859
2023/10/16,103582
2023/10/16,159513
2023/10/16,93469
2023/10/16,145698
2023/10/16,124844.04
2023/10/16,95765
2023/10/16,100455
2023/10/17,65620
2023/10/17,94311
2023/10/17,174495
2023/10/17,120926
2023/10/17,103209
2023/10/17,76898
2023/10/17,149277
2023/10/17,73140.3
2023/10/18,89750
2023/10/18,82639
2023/10/18,63250
2023/10/18,95220
2023/10/18,134128
2023/10/18,178980
2023/10/18,148305
2023/10/19,99000
2023/10/19,84947
2023/10/19,105879
2023/10/19,73309
2023/10/19,152879
2023/10/19,92870
2023/10/19,85038.4
2023/10/20,104619.1
2023/10/20,128915
2023/10/20,96670
2023/10/20,153740
2023/10/20,184929
2023/10/20,121130
2023/10/20,187582
2023/10/20,161296
2023/10/21,218303
2023/10/21,66415
2023/10/21,88757
2023/10/21,153314
2023/10/21,88518.5
2023/10/21,157219
2023/10/21,98989
2023/10/21,128647
2023/10/22,123632
2023/10/22,110840
2023/10/22,194348
2023/10/22,216539
2023/10/22,81403.95
2023/10/22,233422
2023/10/22,95590
2023/10/22,147870
2023/10/23,92955
2023/10/23,75390
2023/10/23,151387
2023/10/23,156630
2023/10/23,167948
2023/10/23,242996
2023/10/23,99980
2023/10/23,113659
2023/10/24,74530
2023/10/24,99479
2023/10/24,119197
2023/10/24,78201
2023/10/24,80915
2023/10/24,192252
2023/10/24,155790
2023/10/24,192280
2023/10/25,206467
2023/10/25,115230
2023/10/25,179769
2023/10/25,146256
2023/10/25,75530
2023/10/25,69919
2023/10/25,234450
2023/10/25,122840
2023/10/26,188374
2023/10/26,129658
2023/10/26,202129
2023/10/26,243390
2023/10/26,91040.55
2023/10/26,82138
2023/10/26,109891
2023/10/26,109770
2023/10/27,149740
2023/10/27,210908
2023/10/27,214819
2023/10/27,362070
2023/10/27,92876.5
2023/10/27,179730
2023/10/27,349920
2023/10/28,141264
2023/10/28,81689
2023/10/28,144110
2023/10/28,171348
2023/10/28,192304
2023/10/28,90007
2023/10/29,127595
2023/10/29,98239
2023/10/29,213635
2023/10/29,75113
2023/10/29,88914
2023/10/29,181112
2023/10/29,170005
2023/10/29,64180
2023/10/30,44345
2023/10/30,121779
2023/10/30,72430
2023/10/30,126848
2023/10/30,91382.63
2023/10/30,88249
2023/10/31,184720
2023/10/31,64598
2023/10/31,131610
2023/10/31,128990
2023/10/31,112828
2023/10/31,57608
2023/11/1,132354
2023/11/1,66214
2023/11/1,121312.15
2023/11/1,180805
2023/11/1,131090
2023/11/2,33582.5
2023/11/2,85446
2023/11/2,76863.57
2023/11/2,48290
2023/11/2,74379
2023/11/2,153900
2023/11/3,110838
2023/11/3,236935
2023/11/3,184198
2023/11/3,95725.5
2023/11/3,233117
2023/11/3,71093
2023/11/3,62201
2023/11/3,224622
2023/11/4,93090
2023/11/4,148542
2023/11/4,121940
2023/11/4,80196
2023/11/4,65199
2023/11/4,60943.27
2023/11/4,92834
2023/11/4,117668
2023/11/5,60319
2023/11/5,251115
2023/11/5,77239
2023/11/5,93029
2023/11/5,133317
2023/11/5,239690
2023/11/5,172528
2023/11/5,79808
2023/11/6,98989
2023/11/6,149759
2023/11/6,122986
2023/11/6,123986
2023/11/6,132811
2023/11/6,65465
2023/11/6,95797.94
2023/11/6,145415
2023/11/7,78110.22
2023/11/7,152908
2023/11/7,152079
2023/11/7,159208
2023/11/7,121400
2023/11/7,132479
2023/11/7,75609
2023/11/8,165100
2023/11/8,73370
2023/11/8,118170
2023/11/8,139880
2023/11/8,74959
2023/11/8,179010
2023/11/8,140179.79
2023/11/8,156860
2023/11/9,138338.9
2023/11/9,87495.45
2023/11/9,170189
2023/11/9,74434
2023/11/9,152842
2023/11/9,81610
2023/11/9,119844
2023/11/9,179578
2023/11/10,263135
2023/11/10,238956.5
2023/11/10,78763.13
2023/11/10,141018
2023/11/10,232988.5
2023/11/10,207444.5
2023/11/10,80819
2023/11/10,106046.5
2023/11/11,71004
2023/11/11,143599
2023/11/11,96706
2023/11/11,49335
2023/11/11,75744
2023/11/11,90250
2023/11/11,115369
2023/11/11,97903
2023/11/12,220719.5
2023/11/12,66128.87
2023/11/12,164624
2023/11/12,169576
2023/11/12,59019
2023/11/12,154794
2023/11/12,105431
2023/11/12,71546.31
2023/11/13,118684
2023/11/13,97035.5
2023/11/13,67441
2023/11/13,114576
2023/11/13,48390
2023/11/13,131508
2023/11/13,132307
2023/11/13,80944.6
2023/11/14,65010
2023/11/14,61743
2023/11/14,116568
2023/11/14,69435
2023/11/14,138105
2023/11/14,95699
2023/11/14,127897
2023/11/14,142538
2023/11/15,124811.2
2023/11/15,73080
2023/11/15,79468.36
2023/11/15,59468.5
2023/11/15,176997
2023/11/15,123518
2023/11/15,104450
2023/11/15,205440
2023/11/16,196837
2023/11/16,135447.5
2023/11/16,169255
2023/11/16,137430
2023/11/16,99234
2023/11/16,80145.94
2023/11/16,73338
2023/11/16,68023.5
2023/11/17,76630
2023/11/17,244935
2023/11/17,285378.5
2023/11/17,105871
2023/11/17,216955
2023/11/17,78018
2023/11/17,235323
2023/11/17,104480
2023/11/18,101131
2023/11/18,75315
2023/11/18,102536
2023/11/18,76250
2023/11/18,116282
2023/11/18,47123
2023/11/18,52854
2023/11/19,136639
2023/11/19,66224
2023/11/19,69029.45
2023/11/19,143719
2023/11/19,88078
2023/11/19,139333
2023/11/19,55588
2023/11/19,163840
2023/11/20,90803
2023/11/20,88093
2023/11/20,34705
2023/11/20,87006
2023/11/20,49143.5
2023/11/20,91937
2023/11/20,60446.08
2023/11/20,64469
2023/11/21,60713.15
2023/11/21,95666
2023/11/21,60973
2023/11/21,24500
2023/11/21,139027
2023/11/21,112301
2023/11/21,58524
2023/11/21,97530
2023/11/22,63698
2023/11/22,102876
2023/11/22,56051
2023/11/22,180440
2023/11/22,71341.35
2023/11/22,164977
2023/11/22,139256
2023/11/22,127224
2023/11/23,120382.5
2023/11/23,153897
2023/11/23,124980
2023/11/23,63675
2023/11/23,174059
2023/11/23,72625.05
2023/11/23,70406
2023/11/23,127403
2023/11/24,191354
2023/11/24,69105.5
2023/11/24,211807
2023/11/24,247473
2023/11/24,94555
2023/11/24,228463
2023/11/24,108325
2023/11/24,84782
2023/11/25,110981
2023/11/25,106493
2023/11/25,79036.1
2023/11/25,88181
2023/11/25,91791
2023/11/25,68517
2023/11/25,52073
2023/11/25,91645
2023/11/26,185336
2023/11/26,181526
2023/11/26,163145
2023/11/26,121441
2023/11/26,55114
2023/11/26,163312
2023/11/26,70661.99
2023/11/26,85451
2023/11/27,119008
2023/11/27,124022
2023/11/27,126355
2023/11/27,129913
2023/11/27,67903
2023/11/27,110083
2023/11/28,112760.13
2023/11/28,108789
2023/11/28,163679
2023/11/28,86538
2023/11/28,143746
2023/11/28,66874
2023/11/28,51706
2023/11/28,118664
2023/11/29,68359
2023/11/29,170738
2023/11/29,105445
2023/11/29,112808
2023/11/29,67391.23
2023/11/29,169654
2023/11/29,111199
2023/11/29,61571.67
2023/11/30,135604
2023/11/30,107281
2023/11/30,168085
2023/11/30,69947.5
2023/11/30,60626.28
2023/11/30,59169
2023/11/30,173686
2023/11/30,122992
2023/12/1,214765
2023/12/1,207881
2023/12/1,69177.36
2023/12/1,211994
2023/12/1,116196
2023/12/1,198353
2023/12/1,95830
2023/12/2,51463.94
2023/12/2,85796
2023/12/2,107874
2023/12/2,85788
2023/12/2,39000
2023/12/2,47657
2023/12/2,101391
2023/12/2,112732
2023/12/3,37093
2023/12/3,161645
2023/12/3,161013
2023/12/3,139637
2023/12/3,63982.93
2023/12/3,80631
2023/12/3,137653
2023/12/4,54448
2023/12/4,126771
2023/12/4,105355
2023/12/4,133344
2023/12/4,134655
2023/12/4,78405.76
2023/12/4,95633
2023/12/4,54027
2023/12/5,124979
2023/12/5,137951
2023/12/5,94754
2023/12/5,89037
2023/12/5,58831
2023/12/5,58080
2023/12/5,119635
2023/12/5,49796.4
2023/12/6,118602
2023/12/6,118790
2023/12/6,62309
2023/12/6,60630
2023/12/6,72913.9
2023/12/6,89610
2023/12/6,170850
2023/12/6,133619
2023/12/7,124332
2023/12/7,176795
2023/12/7,121943
2023/12/7,68284.4
2023/12/7,127156
2023/12/7,143215
2023/12/7,65111
2023/12/7,65957
2023/12/8,228604
2023/12/8,252052
2023/12/8,190783
2023/12/8,76999
2023/12/8,98722
2023/12/8,193693
2023/12/8,109077
2023/12/8,83744.06
2023/12/9,105509
2023/12/9,52917
2023/12/9,46564
2023/12/9,81843.24
2023/12/9,92296
2023/12/9,58639.1
2023/12/9,99653
2023/12/9,90663
2023/12/10,151162
2023/12/10,166291
2023/12/10,108823
2023/12/10,172762
2023/12/10,78987
2023/12/10,44988
2023/12/10,185092
2023/12/10,65296.2
2023/12/11,117065
2023/12/11,115343
2023/12/11,112640
2023/12/11,72278
2023/12/11,57735
2023/12/11,128868
2023/12/11,76154.8
2023/12/11,120728.84
2023/12/12,65048
2023/12/12,97500
2023/12/12,137634
2023/12/12,52105
2023/12/12,127509
2023/12/12,123721
2023/12/12,88689
2023/12/13,91578.08
2023/12/13,194072
2023/12/13,171599
2023/12/13,122080
2023/12/13,167693
2023/12/13,88508.75
2023/12/13,119709
2023/12/13,50579
2023/12/14,32155
2023/12/14,68439.44
2023/12/14,1950
2023/12/14,223290
2023/12/14,1300
2023/12/14,95386
2023/12/14,78327
2023/12/14,219763.24
2023/12/15,51412
2023/12/15,38885
2023/12/15,175883
2023/12/15,250533
2023/12/15,296225
2023/12/15,25169.05
2023/12/15,133196.5
2023/12/15,47610
2023/12/16,80868
2023/12/16,111561
2023/12/16,85602
2023/12/16,48344
2023/12/16,86169.57
2023/12/16,81159
2023/12/16,75309
2023/12/16,115962.34
2023/12/17,134283
2023/12/17,64015
2023/12/17,91167
2023/12/17,102341
2023/12/17,90689.59
2023/12/17,79877.5
2023/12/17,151311
2023/12/17,83552.2
2023/12/18,70023.8
2023/12/18,81350
2023/12/18,111561
2023/12/18,112031
2023/12/18,64252
2023/12/18,55923
2023/12/18,48978
2023/12/18,68213
2023/12/19,95609
2023/12/19,63027.58
2023/12/19,62457
2023/12/19,137687
2023/12/19,89636
2023/12/19,71043
2023/12/19,62223
2023/12/19,95813
2023/12/20,155387
2023/12/20,99548
2023/12/20,74122
2023/12/20,60166
2023/12/20,115640
2023/12/20,189073
2023/12/20,104246
2023/12/20,64267.06
2023/12/21,65396
2023/12/21,64097.98
2023/12/21,20398
2023/12/21,112507
2023/12/21,64260
2023/12/21,92724
2023/12/21,170945
2023/12/21,24870
2023/12/22,34069
2023/12/22,143459
2023/12/22,208974
2023/12/22,16527
2023/12/22,74975.57
2023/12/22,95673
2023/12/22,119725
2023/12/22,89158
2023/12/23,110261
2023/12/23,20915
2023/12/23,8768.7
2023/12/23,44423.33
2023/12/23,42943
2023/12/23,54170
2023/12/23,69392.5
2023/12/23,76948
2023/12/24,88414.78
2023/12/24,134970
2023/12/24,17370
2023/12/24,157652
2023/12/24,11669
2023/12/24,86463
2023/12/24,77352
2023/12/25,77812.1
2023/12/25,15430
2023/12/25,181299
2023/12/25,48098
2023/12/25,91255
2023/12/25,71554
2023/12/25,87793
2023/12/25,31663
2023/12/26,51671
2023/12/26,73173.9
2023/12/26,77057
2023/12/26,17960
2023/12/26,26132
2023/12/26,166735
2023/12/26,82078.5
2023/12/27,24310
2023/12/27,70747.5
2023/12/27,191522
2023/12/27,100150
2023/12/27,99546
2023/12/27,62905
2023/12/27,67152.85
2023/12/27,16180
2023/12/28,16523
2023/12/28,113514
2023/12/28,171543
2023/12/28,96187
2023/12/28,101207
2023/12/28,27565
2023/12/28,79985.64
2023/12/28,82220
2023/12/29,35510
2023/12/29,31210
2023/12/29,197640
2023/12/29,227252
2023/12/29,97683.4
2023/12/29,120140
2023/12/29,157478
2023/12/29,166973.6
2023/12/30,60379.33
2023/12/30,178015.31
2023/12/30,82689.23
2023/12/30,74860
2023/12/30,5610
2023/12/30,222440
2023/12/30,10755
2023/12/30,98682.5
2023/12/31,67954
2023/12/31,111354
2023/12/31,56517.2
2023/12/31,64914
2023/12/31,10620
2023/12/31,107639
2023/12/31,840.4
2023/12/31,46634.08
